chat_id,timestamp,message
C00001,2026-01-20 15:00,Reminder: complete API integration should be completed by 2026-01-25.
C00002,2026-08-03 10:15,Decision: validate new metrics for the reporting. Migration Team owns the task and the deadline is 2026-08-06.
C00003,2026-03-24 16:00,Agreed in the meeting: Analytics Team will prepare data quality report. Target: 2026-03-29.
C00004,2026-08-13 11:00,Decision: verify model outputs for the analytics model. Documentation Team owns the task and the deadline is 2026-08-24.
C00005,2026-02-04 13:45,Decision: complete security review for the production deployment. Data Engineering Team owns the task and the deadline is 2026-02-22.
C00006,2026-03-16 10:00,Security Team confirmed they will review client requirements for the project scope.
C00007,2026-03-23 11:45,Reminder: complete API integration should be completed by 2026-03-31.
C00008,2026-05-02 17:30,Reminder: validate new metrics should be completed by 2026-05-13.
C00009,2026-02-18 10:15,Reminder: validate migration results should be completed by 2026-02-21.
C00010,2026-03-19 10:45,Agreed in the meeting: Analytics Team will complete API integration. Target: 2026-03-30.
C00011,2026-03-05 11:00,Decision: complete dashboard testing for the analytics dashboard. Project Team owns the task and the deadline is 2026-03-08.
C00012,2026-07-01 12:00,Decision: update project documentation for the client demo. Project Team owns the task and the deadline is 2026-07-13.
C00013,2026-04-16 15:15,Operations Team confirmed they will validate migration results for the reporting pipeline.
C00014,2026-07-28 14:30,Reminder: finalize deployment plan should be completed by 2026-08-04.
C00015,2026-07-09 13:00,Data Engineering Team confirmed they will complete security review for the production deployment.
C00016,2026-05-05 10:45,Documentation Team confirmed they will review client requirements for the project scope.
C00017,2026-05-14 17:30,Operations Team confirmed they will validate new metrics for the reporting.
C00018,2026-05-10 12:00,Data Engineering Team confirmed they will finalize deployment plan for the release.
C00019,2026-04-21 16:30,Operations Team confirmed they will update project documentation for the client demo.
C00020,2026-07-19 17:30,Decision: complete security review for the production deployment. Security Team owns the task and the deadline is 2026-08-04.
C00021,2026-04-27 11:45,Reminder: complete security review should be completed by 2026-05-10.
C00022,2026-04-04 09:30,Decision: complete ETL integration for the dashboard. Operations Team owns the task and the deadline is 2026-04-21.
C00023,2026-06-19 09:00,Decision: verify model outputs for the analytics model. Consulting Team owns the task and the deadline is 2026-06-29.
C00024,2026-08-03 12:00,Agreed in the meeting: Operations Team will review client requirements. Target: 2026-08-18.
C00025,2026-03-08 09:45,Reminder: complete ETL integration should be completed by 2026-03-10.
C00026,2026-04-15 17:00,Agreed in the meeting: Consulting Team will validate migration results. Target: 2026-05-02.
C00027,2026-05-18 11:00,Agreed in the meeting: Platform Team will validate new metrics. Target: 2026-05-25.
C00028,2026-05-09 10:00,Agreed in the meeting: Project Team will verify model outputs. Target: 2026-05-16.
C00029,2026-02-28 11:15,Migration next week is only a possibility. Client confirmation is still pending.
C00030,2026-03-14 09:30,Agreed in the meeting: Platform Team will finalize deployment plan. Target: 2026-03-20.
C00031,2026-04-02 13:00,Decision: complete dashboard testing for the analytics dashboard. Data Engineering Team owns the task and the deadline is 2026-04-06.
C00032,2026-07-05 17:30,Agreed in the meeting: Platform Team will complete API integration. Target: 2026-07-10.
C00033,2026-04-06 10:00,QA Team confirmed they will finalize deployment plan for the release.
C00034,2026-02-19 14:45,Agreed in the meeting: Security Team will complete security review. Target: 2026-03-09.
C00035,2026-08-25 09:45,Reminder: validate migration results should be completed by 2026-09-07.
C00036,2026-05-23 09:45,Agreed in the meeting: Migration Team will update project documentation. Target: 2026-05-25.
C00037,2026-08-26 17:00,Decision: complete ETL integration for the dashboard. Analytics Team owns the task and the deadline is 2026-09-06.
C00038,2026-06-09 13:30,QA Team confirmed they will complete dashboard testing for the analytics dashboard.
C00039,2026-08-12 11:00,Reminder: complete dashboard testing should be completed by 2026-08-29.
C00040,2026-07-24 16:30,Agreed in the meeting: Security Team will review client requirements. Target: 2026-07-27.
C00041,2026-01-22 17:15,Data Engineering Team confirmed they will validate new metrics for the reporting.
C00042,2026-05-08 17:00,Decision: prepare data quality report for the data pipeline. QA Team owns the task and the deadline is 2026-05-27.
C00043,2026-06-20 11:00,Reminder: verify model outputs should be completed by 2026-07-11.
C00044,2026-03-06 12:45,Documentation Team confirmed they will complete API integration for the client platform.
C00045,2026-07-28 14:30,Project Team confirmed they will prepare data quality report for the data pipeline.
C00046,2026-06-28 09:30,Reminder: complete API integration should be completed by 2026-06-30.
C00047,2026-06-04 15:00,Reminder: finalize deployment plan should be completed by 2026-06-10.
C00048,2026-01-04 15:00,Reminder: validate new metrics should be completed by 2026-01-16.
C00049,2026-04-28 12:15,Reminder: complete dashboard testing should be completed by 2026-05-11.
C00050,2026-08-17 09:00,Reminder: finalize deployment plan should be completed by 2026-08-23.
C00051,2026-04-17 10:15,Decision: verify model outputs for the analytics model. Operations Team owns the task and the deadline is 2026-05-06.
C00052,2026-03-18 17:00,Decision: finalize deployment plan for the release. Security Team owns the task and the deadline is 2026-03-27.
C00053,2026-05-12 13:15,Agreed in the meeting: Platform Team will prepare release checklist. Target: 2026-05-26.
C00054,2026-06-13 15:30,Reminder: complete dashboard testing should be completed by 2026-06-29.
C00055,2026-08-09 11:30,Agreed in the meeting: Data Engineering Team will review client requirements. Target: 2026-08-20.
C00056,2026-03-03 11:30,Decision: update project documentation for the client demo. Security Team owns the task and the deadline is 2026-03-14.
C00057,2026-07-16 09:30,Analytics Team confirmed they will prepare data quality report for the data pipeline.
C00058,2026-01-29 14:30,Migration next week is only a possibility. Client confirmation is still pending.
C00059,2026-03-25 17:30,Decision: prepare data quality report for the data pipeline. Project Team owns the task and the deadline is 2026-04-05.
C00060,2026-04-09 11:45,Agreed in the meeting: Documentation Team will validate new metrics. Target: 2026-04-11.
C00061,2026-03-13 11:30,Agreed in the meeting: Platform Team will complete ETL integration. Target: 2026-03-22.
C00062,2026-02-26 11:30,Agreed in the meeting: Documentation Team will complete dashboard testing. Target: 2026-03-11.
C00063,2026-08-27 12:00,Agreed in the meeting: Project Team will verify model outputs. Target: 2026-09-15.
C00064,2026-05-15 15:15,Agreed in the meeting: Data Engineering Team will complete dashboard testing. Target: 2026-05-17.
C00065,2026-06-04 15:45,Decision: prepare release checklist for the deployment. Security Team owns the task and the deadline is 2026-06-25.
C00066,2026-04-24 11:00,Agreed in the meeting: Platform Team will complete dashboard testing. Target: 2026-05-01.
C00067,2026-08-01 11:00,Reminder: validate migration results should be completed by 2026-08-16.
C00068,2026-05-19 11:00,Agreed in the meeting: Project Team will verify model outputs. Target: 2026-05-28.
C00069,2026-08-19 15:45,Decision: update project documentation for the client demo. Documentation Team owns the task and the deadline is 2026-09-05.
C00070,2026-04-12 12:15,Decision: complete ETL integration for the dashboard. Project Team owns the task and the deadline is 2026-04-20.
C00071,2026-08-03 12:15,Migration Team confirmed they will complete ETL integration for the dashboard.
C00072,2026-01-02 11:15,Decision: validate new metrics for the reporting. Data Engineering Team owns the task and the deadline is 2026-01-07.
C00073,2026-01-28 12:15,Agreed in the meeting: QA Team will finalize deployment plan. Target: 2026-02-18.
C00074,2026-05-06 16:00,Decision: complete ETL integration for the dashboard. Documentation Team owns the task and the deadline is 2026-05-08.
C00075,2026-06-15 09:15,Reminder: verify model outputs should be completed by 2026-06-27.
C00076,2026-01-26 15:15,Security Team confirmed they will finalize deployment plan for the release.
C00077,2026-06-29 16:00,Migration Team confirmed they will prepare release checklist for the deployment.
C00078,2026-09-06 13:00,Agreed in the meeting: Platform Team will complete API integration. Target: 2026-09-27.
C00079,2026-02-28 09:30,Agreed in the meeting: Project Team will prepare release checklist. Target: 2026-03-08.
C00080,2026-07-10 12:00,Reminder: verify model outputs should be completed by 2026-07-26.
C00081,2026-08-23 17:00,Consulting Team confirmed they will finalize deployment plan for the release.
C00082,2026-04-23 13:15,Platform Team confirmed they will complete ETL integration for the dashboard.
C00083,2026-08-30 14:15,Decision: prepare release checklist for the deployment. Documentation Team owns the task and the deadline is 2026-09-04.
C00084,2026-06-21 16:45,Operations Team confirmed they will validate new metrics for the reporting.
C00085,2026-01-15 14:15,Decision: verify model outputs for the analytics model. Platform Team owns the task and the deadline is 2026-01-30.
C00086,2026-02-02 09:15,Reminder: validate migration results should be completed by 2026-02-14.
C00087,2026-05-21 09:45,Migration next week is only a possibility. Client confirmation is still pending.
C00088,2026-02-09 11:15,Reminder: verify model outputs should be completed by 2026-02-14.
C00089,2026-05-03 17:45,Reminder: validate new metrics should be completed by 2026-05-20.
C00090,2026-02-22 14:15,Reminder: complete security review should be completed by 2026-03-02.
C00091,2026-02-01 17:30,Agreed in the meeting: Documentation Team will complete security review. Target: 2026-02-05.
C00092,2026-04-07 17:30,Agreed in the meeting: Migration Team will finalize deployment plan. Target: 2026-04-22.
C00093,2026-08-22 16:00,Analytics Team confirmed they will complete dashboard testing for the analytics dashboard.
C00094,2026-02-19 09:00,Reminder: prepare release checklist should be completed by 2026-02-28.
C00095,2026-08-01 14:15,Agreed in the meeting: Documentation Team will review client requirements. Target: 2026-08-21.
C00096,2026-08-12 12:00,Reminder: complete security review should be completed by 2026-08-22.
C00097,2026-03-30 17:45,Agreed in the meeting: Operations Team will complete API integration. Target: 2026-04-07.
C00098,2026-09-06 16:30,Agreed in the meeting: Analytics Team will prepare data quality report. Target: 2026-09-25.
C00099,2026-07-25 16:45,Project Team confirmed they will complete API integration for the client platform.
C00100,2026-08-18 12:15,Data Engineering Team confirmed they will validate migration results for the reporting pipeline.
C00101,2026-06-20 09:45,Reminder: complete security review should be completed by 2026-07-05.
C00102,2026-03-16 11:45,Decision: update project documentation for the client demo. Platform Team owns the task and the deadline is 2026-03-29.
C00103,2026-07-26 11:45,Security Team confirmed they will complete dashboard testing for the analytics dashboard.
C00104,2026-02-26 12:45,Project Team confirmed they will verify model outputs for the analytics model.
C00105,2026-08-27 15:45,Reminder: complete dashboard testing should be completed by 2026-09-14.
C00106,2026-05-11 13:45,Security Team confirmed they will complete security review for the production deployment.
C00107,2026-07-01 14:00,Agreed in the meeting: Data Engineering Team will complete dashboard testing. Target: 2026-07-16.
C00108,2026-03-22 09:45,Reminder: complete security review should be completed by 2026-04-11.
C00109,2026-03-25 15:30,Reminder: complete security review should be completed by 2026-03-28.
C00110,2026-07-16 11:45,Agreed in the meeting: Operations Team will prepare release checklist. Target: 2026-08-02.
C00111,2026-06-02 12:30,Agreed in the meeting: Data Engineering Team will complete API integration. Target: 2026-06-18.
C00112,2026-03-07 13:15,Decision: complete security review for the production deployment. Analytics Team owns the task and the deadline is 2026-03-27.
C00113,2026-03-19 15:30,Agreed in the meeting: Data Engineering Team will complete security review. Target: 2026-03-25.
C00114,2026-03-16 16:45,Migration Team confirmed they will prepare release checklist for the deployment.
C00115,2026-08-22 14:45,Documentation Team confirmed they will prepare data quality report for the data pipeline.
C00116,2026-01-30 17:30,Migration next week is only a possibility. Client confirmation is still pending.
C00117,2026-02-28 17:15,Agreed in the meeting: Analytics Team will complete dashboard testing. Target: 2026-03-16.
C00118,2026-07-18 12:15,Decision: verify model outputs for the analytics model. Platform Team owns the task and the deadline is 2026-07-24.
C00119,2026-08-26 13:30,Reminder: prepare release checklist should be completed by 2026-09-09.
C00120,2026-04-13 16:00,Agreed in the meeting: Operations Team will update project documentation. Target: 2026-04-28.
C00121,2026-06-21 11:45,Decision: complete ETL integration for the dashboard. QA Team owns the task and the deadline is 2026-06-26.
C00122,2026-02-05 11:00,Data Engineering Team confirmed they will prepare release checklist for the deployment.
C00123,2026-05-09 13:15,Agreed in the meeting: Operations Team will complete dashboard testing. Target: 2026-05-28.
C00124,2026-02-22 12:45,Reminder: verify model outputs should be completed by 2026-03-14.
C00125,2026-01-06 17:15,Reminder: complete API integration should be completed by 2026-01-20.
C00126,2026-07-05 10:15,Operations Team confirmed they will complete ETL integration for the dashboard.
C00127,2026-06-05 13:45,Documentation Team confirmed they will complete security review for the production deployment.
C00128,2026-08-23 15:30,Decision: prepare release checklist for the deployment. Documentation Team owns the task and the deadline is 2026-08-26.
C00129,2026-08-10 12:15,Decision: complete API integration for the client platform. Consulting Team owns the task and the deadline is 2026-08-23.
C00130,2026-08-21 12:30,Decision: verify model outputs for the analytics model. Data Engineering Team owns the task and the deadline is 2026-08-23.
C00131,2026-01-28 14:30,Operations Team confirmed they will validate migration results for the reporting pipeline.
C00132,2026-07-21 17:00,Decision: complete ETL integration for the dashboard. Migration Team owns the task and the deadline is 2026-07-29.
C00133,2026-03-15 13:00,Data Engineering Team confirmed they will complete dashboard testing for the analytics dashboard.
C00134,2026-03-03 10:30,Operations Team confirmed they will validate new metrics for the reporting.
C00135,2026-01-20 12:30,QA Team confirmed they will review client requirements for the project scope.
C00136,2026-05-12 12:45,Consulting Team confirmed they will prepare data quality report for the data pipeline.
C00137,2026-05-10 09:15,Decision: complete API integration for the client platform. Data Engineering Team owns the task and the deadline is 2026-05-12.
C00138,2026-08-25 15:30,Decision: complete dashboard testing for the analytics dashboard. Operations Team owns the task and the deadline is 2026-09-10.
C00139,2026-05-05 16:30,Decision: validate migration results for the reporting pipeline. Data Engineering Team owns the task and the deadline is 2026-05-26.
C00140,2026-02-09 16:00,Agreed in the meeting: Operations Team will complete API integration. Target: 2026-02-27.
C00141,2026-05-04 10:45,Reminder: validate migration results should be completed by 2026-05-17.
C00142,2026-04-19 17:45,Reminder: validate migration results should be completed by 2026-05-09.
C00143,2026-07-31 15:45,Agreed in the meeting: Project Team will complete API integration. Target: 2026-08-18.
C00144,2026-06-19 12:15,Decision: validate migration results for the reporting pipeline. Operations Team owns the task and the deadline is 2026-07-06.
C00145,2026-07-04 14:00,Migration next week is only a possibility. Client confirmation is still pending.
C00146,2026-02-18 13:30,Migration Team confirmed they will validate migration results for the reporting pipeline.
C00147,2026-04-19 14:45,Agreed in the meeting: Security Team will review client requirements. Target: 2026-05-02.
C00148,2026-04-04 12:15,Agreed in the meeting: Documentation Team will verify model outputs. Target: 2026-04-24.
C00149,2026-03-14 11:45,Decision: verify model outputs for the analytics model. Operations Team owns the task and the deadline is 2026-03-20.
C00150,2026-04-30 16:30,Migration Team confirmed they will complete ETL integration for the dashboard.
C00151,2026-05-19 13:45,Agreed in the meeting: Operations Team will review client requirements. Target: 2026-06-05.
C00152,2026-01-02 12:00,Agreed in the meeting: Security Team will review client requirements. Target: 2026-01-14.
C00153,2026-02-10 16:15,Agreed in the meeting: Platform Team will validate new metrics. Target: 2026-02-25.
C00154,2026-03-07 14:00,Agreed in the meeting: Project Team will prepare release checklist. Target: 2026-03-10.
C00155,2026-03-23 11:30,Agreed in the meeting: Consulting Team will validate new metrics. Target: 2026-03-28.
C00156,2026-01-02 17:45,Reminder: complete ETL integration should be completed by 2026-01-21.
C00157,2026-02-02 09:45,Reminder: review client requirements should be completed by 2026-02-09.
C00158,2026-07-23 16:45,Decision: prepare release checklist for the deployment. Platform Team owns the task and the deadline is 2026-07-28.
C00159,2026-08-13 17:30,Reminder: finalize deployment plan should be completed by 2026-08-19.
C00160,2026-06-17 17:45,Decision: complete ETL integration for the dashboard. QA Team owns the task and the deadline is 2026-07-08.
C00161,2026-01-03 16:00,Agreed in the meeting: Security Team will validate migration results. Target: 2026-01-06.
C00162,2026-07-03 13:15,Reminder: complete dashboard testing should be completed by 2026-07-14.
C00163,2026-02-25 09:30,Reminder: prepare release checklist should be completed by 2026-03-13.
C00164,2026-01-25 15:00,Decision: complete API integration for the client platform. Documentation Team owns the task and the deadline is 2026-02-11.
C00165,2026-04-07 14:45,Reminder: validate new metrics should be completed by 2026-04-21.
C00166,2026-04-15 13:00,Agreed in the meeting: Documentation Team will complete API integration. Target: 2026-04-29.
C00167,2026-02-19 13:30,Data Engineering Team confirmed they will complete ETL integration for the dashboard.
C00168,2026-02-08 11:30,Security Team confirmed they will verify model outputs for the analytics model.
C00169,2026-02-20 16:15,Decision: complete security review for the production deployment. Security Team owns the task and the deadline is 2026-02-24.
C00170,2026-07-14 13:15,Reminder: prepare release checklist should be completed by 2026-07-16.
C00171,2026-01-06 14:30,Reminder: verify model outputs should be completed by 2026-01-15.
C00172,2026-01-13 10:30,Decision: verify model outputs for the analytics model. Platform Team owns the task and the deadline is 2026-02-02.
C00173,2026-01-22 14:00,Reminder: complete ETL integration should be completed by 2026-01-26.
C00174,2026-07-01 11:45,Migration next week is only a possibility. Client confirmation is still pending.
C00175,2026-02-04 15:30,Migration Team confirmed they will complete API integration for the client platform.
C00176,2026-08-05 16:30,Agreed in the meeting: Documentation Team will prepare data quality report. Target: 2026-08-24.
C00177,2026-02-26 14:30,Migration Team confirmed they will review client requirements for the project scope.
C00178,2026-05-06 10:15,Reminder: complete dashboard testing should be completed by 2026-05-26.
C00179,2026-05-01 10:30,Reminder: update project documentation should be completed by 2026-05-19.
C00180,2026-06-12 15:30,Agreed in the meeting: QA Team will complete security review. Target: 2026-06-14.
C00181,2026-01-24 16:15,Agreed in the meeting: Operations Team will validate new metrics. Target: 2026-02-06.
C00182,2026-07-19 17:15,Consulting Team confirmed they will validate new metrics for the reporting.
C00183,2026-03-09 11:45,Decision: complete dashboard testing for the analytics dashboard. Security Team owns the task and the deadline is 2026-03-11.
C00184,2026-07-27 09:15,Decision: review client requirements for the project scope. Data Engineering Team owns the task and the deadline is 2026-08-10.
C00185,2026-01-23 13:45,Decision: finalize deployment plan for the release. Data Engineering Team owns the task and the deadline is 2026-01-27.
C00186,2026-05-24 14:30,Decision: complete security review for the production deployment. QA Team owns the task and the deadline is 2026-06-10.
C00187,2026-04-13 12:00,Reminder: update project documentation should be completed by 2026-04-25.
C00188,2026-08-05 12:45,Decision: prepare release checklist for the deployment. Documentation Team owns the task and the deadline is 2026-08-13.
C00189,2026-01-23 09:00,Agreed in the meeting: Data Engineering Team will complete API integration. Target: 2026-01-26.
C00190,2026-01-17 17:45,Migration Team confirmed they will validate migration results for the reporting pipeline.
C00191,2026-08-07 17:00,Security Team confirmed they will review client requirements for the project scope.
C00192,2026-06-28 13:00,Agreed in the meeting: Project Team will review client requirements. Target: 2026-07-19.
C00193,2026-06-09 09:15,Reminder: complete dashboard testing should be completed by 2026-06-18.
C00194,2026-04-17 15:00,Agreed in the meeting: QA Team will validate new metrics. Target: 2026-05-01.
C00195,2026-05-17 09:00,Decision: complete security review for the production deployment. Security Team owns the task and the deadline is 2026-06-01.
C00196,2026-03-31 13:45,Consulting Team confirmed they will prepare data quality report for the data pipeline.
C00197,2026-08-22 12:00,Agreed in the meeting: Analytics Team will complete ETL integration. Target: 2026-09-04.
C00198,2026-06-22 12:00,Agreed in the meeting: Documentation Team will validate new metrics. Target: 2026-07-09.
C00199,2026-06-04 16:30,Decision: validate migration results for the reporting pipeline. Security Team owns the task and the deadline is 2026-06-23.
C00200,2026-07-11 13:15,Reminder: complete API integration should be completed by 2026-07-20.
C00201,2026-04-15 14:00,Reminder: validate new metrics should be completed by 2026-05-02.
C00202,2026-05-03 10:45,Agreed in the meeting: Platform Team will validate new metrics. Target: 2026-05-09.
C00203,2026-04-15 12:45,Migration next week is only a possibility. Client confirmation is still pending.
C00204,2026-01-23 15:15,Agreed in the meeting: Platform Team will validate new metrics. Target: 2026-01-30.
C00205,2026-02-17 15:45,Decision: prepare data quality report for the data pipeline. Operations Team owns the task and the deadline is 2026-03-07.
C00206,2026-05-26 12:45,Operations Team confirmed they will validate migration results for the reporting pipeline.
C00207,2026-02-13 11:00,Agreed in the meeting: Platform Team will complete dashboard testing. Target: 2026-03-05.
C00208,2026-07-26 14:00,Reminder: finalize deployment plan should be completed by 2026-08-07.
C00209,2026-05-03 16:15,Reminder: finalize deployment plan should be completed by 2026-05-24.
C00210,2026-04-08 13:00,Migration Team confirmed they will update project documentation for the client demo.
C00211,2026-09-03 17:00,Project Team confirmed they will complete ETL integration for the dashboard.
C00212,2026-02-01 16:00,Agreed in the meeting: Operations Team will finalize deployment plan. Target: 2026-02-18.
C00213,2026-05-27 10:15,Documentation Team confirmed they will finalize deployment plan for the release.
C00214,2026-07-25 10:45,Analytics Team confirmed they will verify model outputs for the analytics model.
C00215,2026-05-15 15:00,Decision: verify model outputs for the analytics model. Data Engineering Team owns the task and the deadline is 2026-05-28.
C00216,2026-01-02 11:30,Reminder: complete API integration should be completed by 2026-01-09.
C00217,2026-05-24 16:30,Decision: complete ETL integration for the dashboard. Platform Team owns the task and the deadline is 2026-06-02.
C00218,2026-07-18 11:15,Agreed in the meeting: Data Engineering Team will validate migration results. Target: 2026-07-23.
C00219,2026-03-29 09:00,Reminder: validate new metrics should be completed by 2026-04-01.
C00220,2026-03-12 11:00,Operations Team confirmed they will verify model outputs for the analytics model.
C00221,2026-02-08 11:15,Agreed in the meeting: QA Team will update project documentation. Target: 2026-02-23.
C00222,2026-07-30 10:00,Decision: complete security review for the production deployment. Operations Team owns the task and the deadline is 2026-08-02.
C00223,2026-07-20 16:15,Agreed in the meeting: Data Engineering Team will complete security review. Target: 2026-07-30.
C00224,2026-08-20 15:45,Reminder: complete dashboard testing should be completed by 2026-09-09.
C00225,2026-04-04 12:45,Reminder: complete ETL integration should be completed by 2026-04-16.
C00226,2026-08-15 10:30,Consulting Team confirmed they will validate new metrics for the reporting.
C00227,2026-08-19 15:45,Reminder: complete ETL integration should be completed by 2026-09-02.
C00228,2026-07-21 12:30,Agreed in the meeting: Consulting Team will complete dashboard testing. Target: 2026-08-03.
C00229,2026-03-07 14:00,Reminder: validate new metrics should be completed by 2026-03-22.
C00230,2026-04-01 17:15,Consulting Team confirmed they will review client requirements for the project scope.
C00231,2026-05-24 12:30,Reminder: validate new metrics should be completed by 2026-05-31.
C00232,2026-08-02 16:15,Migration next week is only a possibility. Client confirmation is still pending.
C00233,2026-03-03 11:00,Reminder: prepare data quality report should be completed by 2026-03-16.
C00234,2026-01-02 17:30,Agreed in the meeting: QA Team will complete security review. Target: 2026-01-17.
C00235,2026-06-18 13:30,QA Team confirmed they will prepare release checklist for the deployment.
C00236,2026-08-10 17:00,Project Team confirmed they will complete ETL integration for the dashboard.
C00237,2026-07-24 09:30,Data Engineering Team confirmed they will complete API integration for the client platform.
C00238,2026-04-13 16:15,Agreed in the meeting: Data Engineering Team will complete ETL integration. Target: 2026-04-29.
C00239,2026-03-13 11:15,Reminder: complete ETL integration should be completed by 2026-03-29.
C00240,2026-02-28 16:15,Documentation Team confirmed they will finalize deployment plan for the release.
C00241,2026-06-20 09:15,Reminder: complete ETL integration should be completed by 2026-06-24.
C00242,2026-02-05 14:30,Agreed in the meeting: Analytics Team will finalize deployment plan. Target: 2026-02-08.
C00243,2026-06-26 09:30,Decision: complete ETL integration for the dashboard. Project Team owns the task and the deadline is 2026-07-03.
C00244,2026-03-21 12:30,Reminder: validate migration results should be completed by 2026-03-27.
C00245,2026-06-02 13:15,QA Team confirmed they will prepare data quality report for the data pipeline.
C00246,2026-02-18 10:00,Analytics Team confirmed they will complete security review for the production deployment.
C00247,2026-05-28 09:30,Agreed in the meeting: Security Team will validate new metrics. Target: 2026-06-10.
C00248,2026-08-15 16:30,Reminder: review client requirements should be completed by 2026-08-30.
C00249,2026-08-20 11:30,Analytics Team confirmed they will prepare release checklist for the deployment.
C00250,2026-05-07 12:15,Migration Team confirmed they will prepare release checklist for the deployment.
C00251,2026-03-16 14:00,Decision: verify model outputs for the analytics model. Consulting Team owns the task and the deadline is 2026-03-31.
C00252,2026-07-24 10:15,Reminder: validate migration results should be completed by 2026-07-28.
C00253,2026-06-20 13:30,Reminder: finalize deployment plan should be completed by 2026-06-29.
C00254,2026-06-28 09:45,Decision: prepare data quality report for the data pipeline. Security Team owns the task and the deadline is 2026-07-05.
C00255,2026-04-17 16:15,Reminder: prepare data quality report should be completed by 2026-04-27.
C00256,2026-01-25 11:00,Reminder: prepare data quality report should be completed by 2026-02-07.
C00257,2026-07-04 11:45,Reminder: validate migration results should be completed by 2026-07-11.
C00258,2026-01-08 17:30,Reminder: validate migration results should be completed by 2026-01-26.
C00259,2026-04-11 11:00,Reminder: complete API integration should be completed by 2026-04-14.
C00260,2026-05-27 12:00,Decision: validate new metrics for the reporting. Documentation Team owns the task and the deadline is 2026-06-05.
C00261,2026-07-22 12:30,Migration next week is only a possibility. Client confirmation is still pending.
C00262,2026-03-21 14:00,Agreed in the meeting: Project Team will prepare release checklist. Target: 2026-04-11.
C00263,2026-08-23 11:45,Agreed in the meeting: Platform Team will update project documentation. Target: 2026-08-28.
C00264,2026-09-01 12:30,Decision: review client requirements for the project scope. QA Team owns the task and the deadline is 2026-09-20.
C00265,2026-03-20 17:30,Agreed in the meeting: Analytics Team will verify model outputs. Target: 2026-03-31.
C00266,2026-01-15 11:30,Documentation Team confirmed they will update project documentation for the client demo.
C00267,2026-04-04 09:15,Decision: complete security review for the production deployment. Migration Team owns the task and the deadline is 2026-04-13.
C00268,2026-03-05 13:15,Reminder: finalize deployment plan should be completed by 2026-03-18.
C00269,2026-04-07 16:15,Decision: complete API integration for the client platform. Documentation Team owns the task and the deadline is 2026-04-11.
C00270,2026-07-03 14:30,Documentation Team confirmed they will complete ETL integration for the dashboard.
C00271,2026-02-19 10:15,Consulting Team confirmed they will update project documentation for the client demo.
C00272,2026-02-27 10:00,Reminder: verify model outputs should be completed by 2026-03-19.
C00273,2026-05-04 10:00,Agreed in the meeting: Project Team will complete ETL integration. Target: 2026-05-19.
C00274,2026-06-24 10:45,Documentation Team confirmed they will complete security review for the production deployment.
C00275,2026-07-27 10:45,Decision: complete security review for the production deployment. QA Team owns the task and the deadline is 2026-08-14.
C00276,2026-08-04 15:15,Reminder: validate migration results should be completed by 2026-08-07.
C00277,2026-02-28 11:15,Agreed in the meeting: Analytics Team will complete API integration. Target: 2026-03-19.
C00278,2026-04-12 10:30,Reminder: update project documentation should be completed by 2026-04-28.
C00279,2026-07-19 16:00,Reminder: finalize deployment plan should be completed by 2026-07-25.
C00280,2026-05-05 09:45,Decision: finalize deployment plan for the release. Consulting Team owns the task and the deadline is 2026-05-26.
C00281,2026-04-06 12:00,Decision: complete dashboard testing for the analytics dashboard. Consulting Team owns the task and the deadline is 2026-04-18.
C00282,2026-01-03 11:00,Agreed in the meeting: Security Team will verify model outputs. Target: 2026-01-17.
C00283,2026-05-24 16:00,QA Team confirmed they will prepare release checklist for the deployment.
C00284,2026-08-14 09:15,Reminder: finalize deployment plan should be completed by 2026-09-01.
C00285,2026-04-26 15:00,QA Team confirmed they will verify model outputs for the analytics model.
C00286,2026-01-03 12:30,Operations Team confirmed they will verify model outputs for the analytics model.
C00287,2026-03-18 10:15,Decision: validate new metrics for the reporting. QA Team owns the task and the deadline is 2026-04-06.
C00288,2026-01-12 10:15,Reminder: verify model outputs should be completed by 2026-01-18.
C00289,2026-02-14 10:00,Agreed in the meeting: Project Team will validate migration results. Target: 2026-02-23.
C00290,2026-03-13 15:00,Migration next week is only a possibility. Client confirmation is still pending.
C00291,2026-02-08 09:00,Agreed in the meeting: QA Team will review client requirements. Target: 2026-02-27.
C00292,2026-04-03 12:15,Decision: review client requirements for the project scope. Data Engineering Team owns the task and the deadline is 2026-04-11.
C00293,2026-08-14 15:00,Decision: update project documentation for the client demo. Operations Team owns the task and the deadline is 2026-08-29.
C00294,2026-03-02 17:00,Decision: update project documentation for the client demo. Platform Team owns the task and the deadline is 2026-03-16.
C00295,2026-04-30 17:30,Agreed in the meeting: Platform Team will validate new metrics. Target: 2026-05-17.
C00296,2026-01-12 09:00,Project Team confirmed they will complete security review for the production deployment.
C00297,2026-06-28 10:00,Decision: complete ETL integration for the dashboard. Platform Team owns the task and the deadline is 2026-07-14.
C00298,2026-04-22 12:30,Migration Team confirmed they will finalize deployment plan for the release.
C00299,2026-01-27 11:15,Platform Team confirmed they will complete ETL integration for the dashboard.
C00300,2026-01-21 10:00,Documentation Team confirmed they will complete dashboard testing for the analytics dashboard.
C00301,2026-03-08 14:45,Reminder: prepare data quality report should be completed by 2026-03-14.
C00302,2026-03-30 14:45,Reminder: complete API integration should be completed by 2026-04-06.
C00303,2026-04-20 16:00,Decision: prepare data quality report for the data pipeline. QA Team owns the task and the deadline is 2026-05-06.
C00304,2026-06-26 17:45,Security Team confirmed they will validate new metrics for the reporting.
C00305,2026-04-13 10:15,Agreed in the meeting: Operations Team will validate new metrics. Target: 2026-04-29.
C00306,2026-08-29 09:30,Reminder: prepare data quality report should be completed by 2026-09-06.
C00307,2026-01-26 12:45,Agreed in the meeting: Consulting Team will complete ETL integration. Target: 2026-02-02.
C00308,2026-02-25 13:45,Reminder: complete dashboard testing should be completed by 2026-03-08.
C00309,2026-08-15 15:15,Agreed in the meeting: Platform Team will validate new metrics. Target: 2026-08-23.
C00310,2026-01-01 13:00,Decision: prepare data quality report for the data pipeline. Analytics Team owns the task and the deadline is 2026-01-16.
C00311,2026-06-25 13:15,Analytics Team confirmed they will finalize deployment plan for the release.
C00312,2026-05-11 12:00,Reminder: validate new metrics should be completed by 2026-05-30.
C00313,2026-02-23 15:30,Reminder: complete ETL integration should be completed by 2026-03-05.
C00314,2026-03-22 15:45,Decision: review client requirements for the project scope. Documentation Team owns the task and the deadline is 2026-04-08.
C00315,2026-02-25 15:15,Agreed in the meeting: Data Engineering Team will complete ETL integration. Target: 2026-03-07.
C00316,2026-05-05 12:45,QA Team confirmed they will prepare release checklist for the deployment.
C00317,2026-05-28 11:15,Reminder: validate migration results should be completed by 2026-06-04.
C00318,2026-08-28 09:45,Project Team confirmed they will complete API integration for the client platform.
C00319,2026-01-17 09:30,Migration next week is only a possibility. Client confirmation is still pending.
C00320,2026-01-21 17:45,Agreed in the meeting: Security Team will complete security review. Target: 2026-02-08.
C00321,2026-03-13 16:00,Decision: update project documentation for the client demo. Migration Team owns the task and the deadline is 2026-03-15.
C00322,2026-05-18 10:45,Reminder: validate new metrics should be completed by 2026-05-21.
C00323,2026-03-27 16:30,Reminder: prepare data quality report should be completed by 2026-04-07.
C00324,2026-06-09 09:30,Reminder: complete security review should be completed by 2026-06-14.
C00325,2026-02-01 10:30,Reminder: validate new metrics should be completed by 2026-02-13.
C00326,2026-04-02 17:00,Decision: complete API integration for the client platform. Migration Team owns the task and the deadline is 2026-04-21.
C00327,2026-08-29 09:45,Analytics Team confirmed they will prepare data quality report for the data pipeline.
C00328,2026-04-15 12:00,Agreed in the meeting: Operations Team will update project documentation. Target: 2026-04-20.
C00329,2026-06-02 16:30,Reminder: prepare data quality report should be completed by 2026-06-09.
C00330,2026-01-27 15:30,Reminder: validate new metrics should be completed by 2026-02-04.
C00331,2026-08-22 17:00,Decision: complete API integration for the client platform. Analytics Team owns the task and the deadline is 2026-08-30.
C00332,2026-04-11 17:15,Decision: validate migration results for the reporting pipeline. Data Engineering Team owns the task and the deadline is 2026-04-19.
C00333,2026-05-08 10:45,Agreed in the meeting: Platform Team will finalize deployment plan. Target: 2026-05-16.
C00334,2026-01-30 15:15,Agreed in the meeting: QA Team will validate new metrics. Target: 2026-02-04.
C00335,2026-01-20 16:30,Decision: complete API integration for the client platform. Consulting Team owns the task and the deadline is 2026-01-23.
C00336,2026-03-21 09:15,Platform Team confirmed they will verify model outputs for the analytics model.
C00337,2026-07-11 13:30,Agreed in the meeting: Migration Team will finalize deployment plan. Target: 2026-07-29.
C00338,2026-03-29 15:15,Decision: complete API integration for the client platform. Documentation Team owns the task and the deadline is 2026-04-17.
C00339,2026-02-09 16:30,Agreed in the meeting: QA Team will complete API integration. Target: 2026-02-15.
C00340,2026-08-22 14:30,Decision: prepare data quality report for the data pipeline. Analytics Team owns the task and the deadline is 2026-09-01.
C00341,2026-08-02 11:30,Reminder: validate migration results should be completed by 2026-08-12.
C00342,2026-08-11 15:15,Agreed in the meeting: Analytics Team will prepare release checklist. Target: 2026-08-18.
C00343,2026-04-14 09:00,Migration Team confirmed they will validate new metrics for the reporting.
C00344,2026-04-02 13:00,QA Team confirmed they will prepare release checklist for the deployment.
C00345,2026-03-23 12:00,Decision: validate new metrics for the reporting. Project Team owns the task and the deadline is 2026-03-31.
C00346,2026-06-04 12:00,Platform Team confirmed they will complete API integration for the client platform.
C00347,2026-07-18 09:45,Reminder: finalize deployment plan should be completed by 2026-08-07.
C00348,2026-02-04 13:00,Migration next week is only a possibility. Client confirmation is still pending.
C00349,2026-06-29 10:45,Platform Team confirmed they will verify model outputs for the analytics model.
C00350,2026-06-16 10:45,Decision: review client requirements for the project scope. Operations Team owns the task and the deadline is 2026-06-20.
C00351,2026-08-13 12:15,Reminder: prepare data quality report should be completed by 2026-08-21.
C00352,2026-04-26 09:45,Agreed in the meeting: Security Team will validate migration results. Target: 2026-05-13.
C00353,2026-06-30 13:00,Agreed in the meeting: Security Team will complete dashboard testing. Target: 2026-07-06.
C00354,2026-06-15 11:30,Agreed in the meeting: Analytics Team will prepare release checklist. Target: 2026-07-06.
C00355,2026-07-27 09:45,Reminder: complete security review should be completed by 2026-08-05.
C00356,2026-03-22 13:00,Analytics Team confirmed they will review client requirements for the project scope.
C00357,2026-03-16 13:15,Agreed in the meeting: Consulting Team will review client requirements. Target: 2026-03-26.
C00358,2026-06-21 09:15,Decision: update project documentation for the client demo. Consulting Team owns the task and the deadline is 2026-07-04.
C00359,2026-06-28 13:45,Decision: finalize deployment plan for the release. Operations Team owns the task and the deadline is 2026-07-02.
C00360,2026-06-21 17:45,Analytics Team confirmed they will finalize deployment plan for the release.
C00361,2026-01-03 13:00,Agreed in the meeting: Consulting Team will prepare data quality report. Target: 2026-01-16.
C00362,2026-06-08 17:00,QA Team confirmed they will prepare data quality report for the data pipeline.
C00363,2026-03-21 11:30,Decision: validate migration results for the reporting pipeline. Project Team owns the task and the deadline is 2026-04-11.
C00364,2026-05-11 11:45,Decision: verify model outputs for the analytics model. Analytics Team owns the task and the deadline is 2026-05-15.
C00365,2026-06-14 12:30,Operations Team confirmed they will finalize deployment plan for the release.
C00366,2026-02-16 11:00,Reminder: update project documentation should be completed by 2026-03-05.
C00367,2026-07-02 15:45,Agreed in the meeting: Documentation Team will verify model outputs. Target: 2026-07-17.
C00368,2026-07-18 11:30,Reminder: update project documentation should be completed by 2026-08-06.
C00369,2026-01-24 13:00,Agreed in the meeting: Analytics Team will verify model outputs. Target: 2026-02-12.
C00370,2026-06-05 09:15,Agreed in the meeting: Consulting Team will complete security review. Target: 2026-06-15.
C00371,2026-03-17 09:45,Agreed in the meeting: Operations Team will verify model outputs. Target: 2026-03-24.
C00372,2026-03-11 15:15,Agreed in the meeting: QA Team will complete dashboard testing. Target: 2026-03-29.
C00373,2026-09-01 12:30,Decision: prepare data quality report for the data pipeline. QA Team owns the task and the deadline is 2026-09-14.
C00374,2026-08-29 17:45,Decision: complete API integration for the client platform. Operations Team owns the task and the deadline is 2026-09-08.
C00375,2026-05-10 15:30,Agreed in the meeting: Consulting Team will complete security review. Target: 2026-05-21.
C00376,2026-07-06 17:15,Operations Team confirmed they will complete API integration for the client platform.
C00377,2026-03-29 09:45,Migration next week is only a possibility. Client confirmation is still pending.
C00378,2026-05-28 14:15,Migration Team confirmed they will verify model outputs for the analytics model.
C00379,2026-06-05 13:45,Reminder: update project documentation should be completed by 2026-06-25.
C00380,2026-07-26 15:30,Decision: update project documentation for the client demo. Project Team owns the task and the deadline is 2026-08-07.
C00381,2026-08-03 16:45,Reminder: complete ETL integration should be completed by 2026-08-13.
C00382,2026-02-01 17:15,Data Engineering Team confirmed they will complete ETL integration for the dashboard.
C00383,2026-03-12 11:45,Reminder: complete dashboard testing should be completed by 2026-03-23.
C00384,2026-06-20 15:45,Operations Team confirmed they will prepare data quality report for the data pipeline.
C00385,2026-04-27 09:45,Reminder: prepare data quality report should be completed by 2026-04-29.
C00386,2026-05-30 09:00,Decision: complete API integration for the client platform. Consulting Team owns the task and the deadline is 2026-06-15.
C00387,2026-01-21 09:15,Decision: complete dashboard testing for the analytics dashboard. Migration Team owns the task and the deadline is 2026-02-06.
C00388,2026-03-28 15:45,Project Team confirmed they will validate new metrics for the reporting.
C00389,2026-01-01 14:00,Reminder: prepare release checklist should be completed by 2026-01-19.
C00390,2026-08-30 09:00,Operations Team confirmed they will prepare data quality report for the data pipeline.
C00391,2026-05-25 11:15,Consulting Team confirmed they will prepare release checklist for the deployment.
C00392,2026-06-06 15:30,Decision: complete dashboard testing for the analytics dashboard. Data Engineering Team owns the task and the deadline is 2026-06-18.
C00393,2026-06-15 14:45,Agreed in the meeting: Operations Team will prepare release checklist. Target: 2026-07-05.
C00394,2026-05-05 14:30,Agreed in the meeting: Data Engineering Team will complete security review. Target: 2026-05-15.
C00395,2026-07-23 17:45,Agreed in the meeting: Analytics Team will prepare data quality report. Target: 2026-08-11.
C00396,2026-08-19 14:45,Agreed in the meeting: Analytics Team will complete dashboard testing. Target: 2026-08-22.
C00397,2026-03-26 09:15,Reminder: finalize deployment plan should be completed by 2026-04-12.
C00398,2026-07-10 11:45,Reminder: review client requirements should be completed by 2026-07-14.
C00399,2026-07-14 12:30,Decision: update project documentation for the client demo. Documentation Team owns the task and the deadline is 2026-07-29.
C00400,2026-06-21 15:15,Agreed in the meeting: Project Team will review client requirements. Target: 2026-07-04.
C00401,2026-01-05 10:00,Reminder: complete security review should be completed by 2026-01-21.
C00402,2026-06-03 14:00,Decision: verify model outputs for the analytics model. Documentation Team owns the task and the deadline is 2026-06-11.
C00403,2026-07-14 13:30,Reminder: prepare release checklist should be completed by 2026-07-31.
C00404,2026-03-31 17:45,Reminder: complete ETL integration should be completed by 2026-04-08.
C00405,2026-03-25 15:15,Agreed in the meeting: Data Engineering Team will update project documentation. Target: 2026-04-09.
C00406,2026-03-06 13:30,Migration next week is only a possibility. Client confirmation is still pending.
C00407,2026-04-14 17:45,Decision: update project documentation for the client demo. QA Team owns the task and the deadline is 2026-04-19.
C00408,2026-06-22 11:15,Reminder: finalize deployment plan should be completed by 2026-07-08.
C00409,2026-01-23 16:00,Reminder: update project documentation should be completed by 2026-01-28.
C00410,2026-03-19 13:30,Agreed in the meeting: Platform Team will prepare data quality report. Target: 2026-04-03.
C00411,2026-06-22 15:15,Reminder: update project documentation should be completed by 2026-07-06.
C00412,2026-05-18 14:00,Reminder: complete API integration should be completed by 2026-06-06.
C00413,2026-07-28 16:30,Platform Team confirmed they will finalize deployment plan for the release.
C00414,2026-06-25 13:15,Agreed in the meeting: Consulting Team will review client requirements. Target: 2026-07-07.
C00415,2026-05-31 14:15,Platform Team confirmed they will prepare release checklist for the deployment.
C00416,2026-08-13 09:15,Reminder: validate new metrics should be completed by 2026-08-29.
C00417,2026-05-23 16:30,Decision: complete dashboard testing for the analytics dashboard. Data Engineering Team owns the task and the deadline is 2026-05-29.
C00418,2026-09-03 16:45,Platform Team confirmed they will finalize deployment plan for the release.
C00419,2026-06-02 16:30,Decision: complete dashboard testing for the analytics dashboard. QA Team owns the task and the deadline is 2026-06-06.
C00420,2026-03-23 16:15,Decision: complete ETL integration for the dashboard. QA Team owns the task and the deadline is 2026-04-13.
C00421,2026-07-21 09:00,Reminder: complete dashboard testing should be completed by 2026-07-24.
C00422,2026-04-06 15:30,Migration Team confirmed they will complete security review for the production deployment.
C00423,2026-07-04 13:30,Reminder: review client requirements should be completed by 2026-07-16.
C00424,2026-04-04 12:30,Reminder: update project documentation should be completed by 2026-04-10.
C00425,2026-04-21 09:00,Decision: complete dashboard testing for the analytics dashboard. Data Engineering Team owns the task and the deadline is 2026-05-07.
C00426,2026-08-07 10:00,Data Engineering Team confirmed they will prepare release checklist for the deployment.
C00427,2026-05-30 14:45,Reminder: validate migration results should be completed by 2026-06-20.
C00428,2026-08-02 14:00,Analytics Team confirmed they will review client requirements for the project scope.
C00429,2026-05-09 12:45,Decision: validate new metrics for the reporting. Consulting Team owns the task and the deadline is 2026-05-24.
C00430,2026-03-21 13:45,Reminder: validate new metrics should be completed by 2026-03-25.
C00431,2026-05-11 16:00,Reminder: prepare release checklist should be completed by 2026-05-27.
C00432,2026-04-13 15:15,Agreed in the meeting: Documentation Team will complete ETL integration. Target: 2026-04-26.
C00433,2026-04-05 15:30,Decision: complete API integration for the client platform. Documentation Team owns the task and the deadline is 2026-04-18.
C00434,2026-05-15 10:30,Agreed in the meeting: Security Team will prepare release checklist. Target: 2026-05-24.
C00435,2026-01-01 11:15,Migration next week is only a possibility. Client confirmation is still pending.
C00436,2026-03-22 13:45,Reminder: complete API integration should be completed by 2026-04-10.
C00437,2026-02-14 11:00,Decision: complete ETL integration for the dashboard. Consulting Team owns the task and the deadline is 2026-02-27.
C00438,2026-02-25 10:45,Reminder: complete ETL integration should be completed by 2026-03-08.
C00439,2026-03-20 16:15,Decision: review client requirements for the project scope. QA Team owns the task and the deadline is 2026-04-09.
C00440,2026-03-06 16:30,Security Team confirmed they will complete dashboard testing for the analytics dashboard.
C00441,2026-08-10 13:15,Data Engineering Team confirmed they will update project documentation for the client demo.
C00442,2026-03-14 10:00,Reminder: prepare release checklist should be completed by 2026-03-23.
C00443,2026-06-15 12:30,Reminder: review client requirements should be completed by 2026-06-30.
C00444,2026-03-21 16:45,Decision: validate migration results for the reporting pipeline. Consulting Team owns the task and the deadline is 2026-03-29.
C00445,2026-09-06 12:30,Decision: review client requirements for the project scope. Analytics Team owns the task and the deadline is 2026-09-14.
C00446,2026-02-06 14:30,QA Team confirmed they will complete dashboard testing for the analytics dashboard.
C00447,2026-05-17 10:30,QA Team confirmed they will complete API integration for the client platform.
C00448,2026-06-13 11:00,Platform Team confirmed they will review client requirements for the project scope.
C00449,2026-03-29 09:30,Reminder: complete security review should be completed by 2026-04-17.
C00450,2026-03-26 14:00,Agreed in the meeting: Operations Team will prepare data quality report. Target: 2026-04-08.
C00451,2026-02-25 17:15,Analytics Team confirmed they will complete API integration for the client platform.
C00452,2026-05-17 10:00,Decision: update project documentation for the client demo. Data Engineering Team owns the task and the deadline is 2026-06-05.
C00453,2026-07-29 13:45,Agreed in the meeting: QA Team will complete dashboard testing. Target: 2026-08-04.
C00454,2026-03-21 11:00,Reminder: finalize deployment plan should be completed by 2026-04-10.
C00455,2026-07-10 12:00,Agreed in the meeting: Documentation Team will prepare release checklist. Target: 2026-07-15.
C00456,2026-01-17 17:30,Security Team confirmed they will prepare data quality report for the data pipeline.
C00457,2026-01-24 10:30,Agreed in the meeting: Operations Team will validate migration results. Target: 2026-02-01.
C00458,2026-01-22 14:30,Decision: update project documentation for the client demo. Project Team owns the task and the deadline is 2026-01-25.
C00459,2026-03-24 12:00,QA Team confirmed they will complete ETL integration for the dashboard.
C00460,2026-01-03 16:45,Decision: validate migration results for the reporting pipeline. Migration Team owns the task and the deadline is 2026-01-08.
C00461,2026-06-07 15:30,Documentation Team confirmed they will review client requirements for the project scope.
C00462,2026-03-23 16:45,Operations Team confirmed they will update project documentation for the client demo.
C00463,2026-08-15 13:00,Decision: prepare release checklist for the deployment. Migration Team owns the task and the deadline is 2026-08-22.
C00464,2026-02-06 15:30,Migration next week is only a possibility. Client confirmation is still pending.
C00465,2026-03-20 10:00,Reminder: validate new metrics should be completed by 2026-03-25.
C00466,2026-06-14 15:00,Agreed in the meeting: Data Engineering Team will complete ETL integration. Target: 2026-07-02.
C00467,2026-02-10 13:15,Agreed in the meeting: Analytics Team will validate new metrics. Target: 2026-03-01.
C00468,2026-04-17 17:15,Reminder: verify model outputs should be completed by 2026-04-21.
C00469,2026-04-02 15:15,Reminder: complete API integration should be completed by 2026-04-22.
C00470,2026-09-02 11:00,Reminder: update project documentation should be completed by 2026-09-12.
C00471,2026-05-27 10:00,Agreed in the meeting: Data Engineering Team will finalize deployment plan. Target: 2026-06-16.
C00472,2026-02-05 14:45,Reminder: complete security review should be completed by 2026-02-24.
C00473,2026-01-13 12:15,Reminder: complete ETL integration should be completed by 2026-01-16.
C00474,2026-08-22 13:30,Documentation Team confirmed they will prepare data quality report for the data pipeline.
C00475,2026-07-26 12:45,Analytics Team confirmed they will complete security review for the production deployment.
C00476,2026-01-23 13:30,Security Team confirmed they will prepare release checklist for the deployment.
C00477,2026-06-23 17:00,Reminder: verify model outputs should be completed by 2026-07-11.
C00478,2026-01-05 15:00,Agreed in the meeting: Consulting Team will review client requirements. Target: 2026-01-07.
C00479,2026-07-22 11:30,Data Engineering Team confirmed they will validate new metrics for the reporting.
C00480,2026-08-15 16:30,Platform Team confirmed they will validate new metrics for the reporting.
C00481,2026-01-11 09:30,Analytics Team confirmed they will verify model outputs for the analytics model.
C00482,2026-04-22 15:30,Reminder: complete ETL integration should be completed by 2026-04-27.
C00483,2026-03-26 14:45,Reminder: update project documentation should be completed by 2026-04-13.
C00484,2026-05-16 17:45,Agreed in the meeting: Operations Team will finalize deployment plan. Target: 2026-05-31.
C00485,2026-01-19 12:45,Agreed in the meeting: Data Engineering Team will validate new metrics. Target: 2026-01-25.
C00486,2026-08-04 09:00,Reminder: prepare release checklist should be completed by 2026-08-12.
C00487,2026-01-03 13:45,Decision: complete dashboard testing for the analytics dashboard. Documentation Team owns the task and the deadline is 2026-01-19.
C00488,2026-07-12 09:15,Migration Team confirmed they will complete ETL integration for the dashboard.
C00489,2026-02-01 13:30,QA Team confirmed they will review client requirements for the project scope.
C00490,2026-03-20 10:00,Decision: prepare data quality report for the data pipeline. Consulting Team owns the task and the deadline is 2026-04-09.
C00491,2026-09-03 14:15,Agreed in the meeting: Consulting Team will prepare data quality report. Target: 2026-09-09.
C00492,2026-05-31 14:00,Decision: prepare data quality report for the data pipeline. Operations Team owns the task and the deadline is 2026-06-08.
C00493,2026-07-29 14:15,Migration next week is only a possibility. Client confirmation is still pending.
C00494,2026-01-03 17:30,Reminder: review client requirements should be completed by 2026-01-17.
C00495,2026-08-02 14:45,Security Team confirmed they will complete API integration for the client platform.
C00496,2026-07-18 17:15,Decision: review client requirements for the project scope. Security Team owns the task and the deadline is 2026-07-25.
C00497,2026-07-14 10:15,Agreed in the meeting: Security Team will update project documentation. Target: 2026-07-27.
C00498,2026-01-11 15:30,Reminder: review client requirements should be completed by 2026-01-22.
C00499,2026-05-05 15:45,Reminder: complete ETL integration should be completed by 2026-05-26.
C00500,2026-03-13 14:15,Platform Team confirmed they will complete dashboard testing for the analytics dashboard.
C00501,2026-08-01 16:30,Security Team confirmed they will validate migration results for the reporting pipeline.
C00502,2026-06-12 12:00,Platform Team confirmed they will finalize deployment plan for the release.
C00503,2026-06-03 11:45,Consulting Team confirmed they will review client requirements for the project scope.
C00504,2026-01-23 10:30,Reminder: validate new metrics should be completed by 2026-01-30.
C00505,2026-04-24 14:00,Reminder: complete API integration should be completed by 2026-05-15.
C00506,2026-04-19 13:30,Reminder: complete dashboard testing should be completed by 2026-05-10.
C00507,2026-04-02 14:00,Project Team confirmed they will verify model outputs for the analytics model.
C00508,2026-08-16 10:45,Reminder: review client requirements should be completed by 2026-09-06.
C00509,2026-03-02 09:00,Agreed in the meeting: Documentation Team will update project documentation. Target: 2026-03-15.
C00510,2026-01-16 10:45,QA Team confirmed they will complete ETL integration for the dashboard.
C00511,2026-05-28 16:15,Agreed in the meeting: Security Team will complete dashboard testing. Target: 2026-06-03.
C00512,2026-05-15 13:15,Agreed in the meeting: Consulting Team will verify model outputs. Target: 2026-06-05.
C00513,2026-05-03 15:45,Migration Team confirmed they will complete ETL integration for the dashboard.
C00514,2026-04-22 09:00,Decision: complete ETL integration for the dashboard. Migration Team owns the task and the deadline is 2026-05-02.
C00515,2026-07-23 12:15,Decision: review client requirements for the project scope. Consulting Team owns the task and the deadline is 2026-07-25.
C00516,2026-08-03 14:15,Platform Team confirmed they will prepare release checklist for the deployment.
C00517,2026-07-23 17:45,Decision: prepare release checklist for the deployment. Operations Team owns the task and the deadline is 2026-08-09.
C00518,2026-08-26 14:30,Decision: complete dashboard testing for the analytics dashboard. Consulting Team owns the task and the deadline is 2026-09-10.
C00519,2026-03-30 12:15,Reminder: complete ETL integration should be completed by 2026-04-20.
C00520,2026-05-05 13:45,Decision: prepare data quality report for the data pipeline. Security Team owns the task and the deadline is 2026-05-11.
C00521,2026-06-11 14:15,Decision: prepare release checklist for the deployment. Operations Team owns the task and the deadline is 2026-06-22.
C00522,2026-01-28 11:30,Migration next week is only a possibility. Client confirmation is still pending.
C00523,2026-07-08 09:15,Agreed in the meeting: Analytics Team will finalize deployment plan. Target: 2026-07-20.
C00524,2026-05-23 12:00,Platform Team confirmed they will prepare data quality report for the data pipeline.
C00525,2026-05-21 11:00,Reminder: validate new metrics should be completed by 2026-05-28.
C00526,2026-03-08 12:30,Operations Team confirmed they will prepare data quality report for the data pipeline.
C00527,2026-03-15 15:00,Decision: review client requirements for the project scope. Platform Team owns the task and the deadline is 2026-04-05.
C00528,2026-08-01 16:30,Decision: verify model outputs for the analytics model. Analytics Team owns the task and the deadline is 2026-08-21.
C00529,2026-06-05 17:00,Platform Team confirmed they will prepare data quality report for the data pipeline.
C00530,2026-01-18 11:30,Agreed in the meeting: Consulting Team will validate migration results. Target: 2026-01-29.
C00531,2026-03-28 12:00,Agreed in the meeting: Operations Team will complete dashboard testing. Target: 2026-04-18.
C00532,2026-05-14 12:30,Reminder: prepare data quality report should be completed by 2026-05-24.
C00533,2026-04-24 15:30,Decision: finalize deployment plan for the release. Operations Team owns the task and the deadline is 2026-05-14.
C00534,2026-05-04 09:30,Project Team confirmed they will complete dashboard testing for the analytics dashboard.
C00535,2026-06-16 12:30,Reminder: validate new metrics should be completed by 2026-07-05.
C00536,2026-06-18 16:00,Agreed in the meeting: Project Team will validate new metrics. Target: 2026-07-08.
C00537,2026-09-01 11:00,Decision: complete dashboard testing for the analytics dashboard. Documentation Team owns the task and the deadline is 2026-09-22.
C00538,2026-05-05 15:15,Agreed in the meeting: Consulting Team will validate migration results. Target: 2026-05-18.
C00539,2026-04-03 16:45,Decision: complete ETL integration for the dashboard. Analytics Team owns the task and the deadline is 2026-04-06.
C00540,2026-02-01 14:30,Platform Team confirmed they will prepare data quality report for the data pipeline.
C00541,2026-06-07 13:15,Reminder: verify model outputs should be completed by 2026-06-17.
C00542,2026-02-04 11:30,Project Team confirmed they will prepare data quality report for the data pipeline.
C00543,2026-04-13 13:00,Reminder: finalize deployment plan should be completed by 2026-04-23.
C00544,2026-03-21 10:45,Reminder: finalize deployment plan should be completed by 2026-04-03.
C00545,2026-02-24 14:15,QA Team confirmed they will complete security review for the production deployment.
C00546,2026-09-05 14:30,Migration Team confirmed they will complete ETL integration for the dashboard.
C00547,2026-05-05 13:45,Reminder: review client requirements should be completed by 2026-05-10.
C00548,2026-04-14 09:15,Agreed in the meeting: Migration Team will complete dashboard testing. Target: 2026-04-19.
C00549,2026-04-16 11:15,Reminder: prepare release checklist should be completed by 2026-04-27.
C00550,2026-01-01 13:00,Reminder: validate migration results should be completed by 2026-01-11.
C00551,2026-07-26 16:00,Migration next week is only a possibility. Client confirmation is still pending.
C00552,2026-07-04 12:30,Analytics Team confirmed they will review client requirements for the project scope.
C00553,2026-05-27 14:00,Reminder: prepare release checklist should be completed by 2026-06-04.
C00554,2026-08-29 13:30,Reminder: complete ETL integration should be completed by 2026-09-03.
C00555,2026-01-07 12:45,Reminder: complete ETL integration should be completed by 2026-01-11.
C00556,2026-03-31 09:00,Reminder: prepare data quality report should be completed by 2026-04-03.
C00557,2026-04-28 13:00,Agreed in the meeting: Platform Team will review client requirements. Target: 2026-05-13.
C00558,2026-08-30 17:30,Reminder: verify model outputs should be completed by 2026-09-04.
C00559,2026-08-20 11:00,Reminder: complete API integration should be completed by 2026-08-29.
C00560,2026-04-24 15:15,Reminder: update project documentation should be completed by 2026-05-09.
C00561,2026-03-03 14:30,Decision: complete API integration for the client platform. Migration Team owns the task and the deadline is 2026-03-18.
C00562,2026-05-06 09:45,Agreed in the meeting: Security Team will complete security review. Target: 2026-05-25.
C00563,2026-03-11 10:15,Agreed in the meeting: QA Team will finalize deployment plan. Target: 2026-03-16.
C00564,2026-06-06 09:00,Reminder: update project documentation should be completed by 2026-06-09.
C00565,2026-08-22 13:15,Agreed in the meeting: Platform Team will verify model outputs. Target: 2026-09-02.
C00566,2026-04-21 15:15,Reminder: prepare data quality report should be completed by 2026-05-11.
C00567,2026-04-24 10:30,Decision: complete ETL integration for the dashboard. Migration Team owns the task and the deadline is 2026-05-02.
C00568,2026-06-20 09:45,QA Team confirmed they will finalize deployment plan for the release.
C00569,2026-05-24 11:45,Data Engineering Team confirmed they will review client requirements for the project scope.
C00570,2026-02-16 15:15,Decision: complete API integration for the client platform. Platform Team owns the task and the deadline is 2026-02-26.
C00571,2026-02-06 17:45,Decision: complete API integration for the client platform. Operations Team owns the task and the deadline is 2026-02-11.
C00572,2026-07-27 11:15,QA Team confirmed they will complete security review for the production deployment.
C00573,2026-06-10 11:30,Decision: validate new metrics for the reporting. Security Team owns the task and the deadline is 2026-06-14.
C00574,2026-05-30 16:15,Reminder: complete API integration should be completed by 2026-06-10.
C00575,2026-09-08 14:45,Reminder: verify model outputs should be completed by 2026-09-18.
C00576,2026-08-23 14:15,Security Team confirmed they will finalize deployment plan for the release.
C00577,2026-03-15 10:00,Migration Team confirmed they will validate migration results for the reporting pipeline.
C00578,2026-01-22 12:45,Decision: update project documentation for the client demo. Platform Team owns the task and the deadline is 2026-02-09.
C00579,2026-06-25 14:15,Decision: update project documentation for the client demo. Data Engineering Team owns the task and the deadline is 2026-07-14.
C00580,2026-06-26 12:45,Migration next week is only a possibility. Client confirmation is still pending.
C00581,2026-05-18 13:45,Agreed in the meeting: Analytics Team will complete dashboard testing. Target: 2026-06-01.
C00582,2026-02-12 09:00,Agreed in the meeting: Consulting Team will verify model outputs. Target: 2026-03-02.
C00583,2026-02-20 12:30,Decision: complete ETL integration for the dashboard. Consulting Team owns the task and the deadline is 2026-02-25.
C00584,2026-02-17 16:15,Decision: update project documentation for the client demo. Migration Team owns the task and the deadline is 2026-03-03.
C00585,2026-02-20 09:45,Reminder: complete dashboard testing should be completed by 2026-03-08.
C00586,2026-01-12 09:45,Agreed in the meeting: Platform Team will validate new metrics. Target: 2026-01-17.
C00587,2026-07-18 16:45,Security Team confirmed they will prepare release checklist for the deployment.
C00588,2026-01-01 16:45,Reminder: prepare release checklist should be completed by 2026-01-05.
C00589,2026-02-17 10:45,Reminder: complete ETL integration should be completed by 2026-02-28.
C00590,2026-05-24 09:30,Agreed in the meeting: Analytics Team will review client requirements. Target: 2026-06-07.
C00591,2026-01-12 12:15,Reminder: complete dashboard testing should be completed by 2026-01-24.
C00592,2026-03-07 15:45,Decision: validate migration results for the reporting pipeline. Consulting Team owns the task and the deadline is 2026-03-27.
C00593,2026-04-13 09:30,Reminder: complete API integration should be completed by 2026-04-15.
C00594,2026-07-20 13:00,Decision: prepare release checklist for the deployment. Documentation Team owns the task and the deadline is 2026-08-06.
C00595,2026-02-28 13:15,Reminder: verify model outputs should be completed by 2026-03-05.
C00596,2026-06-24 09:00,Decision: validate migration results for the reporting pipeline. Migration Team owns the task and the deadline is 2026-07-07.
C00597,2026-02-18 15:15,Decision: validate new metrics for the reporting. Documentation Team owns the task and the deadline is 2026-03-06.
C00598,2026-04-29 13:15,Decision: finalize deployment plan for the release. Analytics Team owns the task and the deadline is 2026-05-08.
C00599,2026-06-03 12:45,Reminder: finalize deployment plan should be completed by 2026-06-10.
C00600,2026-07-23 09:15,Decision: validate migration results for the reporting pipeline. Security Team owns the task and the deadline is 2026-08-07.
C00601,2026-05-21 17:45,Decision: complete dashboard testing for the analytics dashboard. Project Team owns the task and the deadline is 2026-06-08.
C00602,2026-02-06 12:15,Project Team confirmed they will review client requirements for the project scope.
C00603,2026-02-19 10:00,Agreed in the meeting: Operations Team will finalize deployment plan. Target: 2026-03-07.
C00604,2026-08-15 14:00,Platform Team confirmed they will complete dashboard testing for the analytics dashboard.
C00605,2026-04-07 12:30,Decision: complete ETL integration for the dashboard. Analytics Team owns the task and the deadline is 2026-04-14.
C00606,2026-03-19 09:00,Agreed in the meeting: Security Team will review client requirements. Target: 2026-03-28.
C00607,2026-01-23 14:30,Reminder: verify model outputs should be completed by 2026-02-12.
C00608,2026-05-25 09:15,Decision: complete API integration for the client platform. Project Team owns the task and the deadline is 2026-06-10.
C00609,2026-05-07 16:00,Migration next week is only a possibility. Client confirmation is still pending.
C00610,2026-01-09 14:45,Migration Team confirmed they will prepare data quality report for the data pipeline.
C00611,2026-01-19 11:30,Decision: complete ETL integration for the dashboard. Operations Team owns the task and the deadline is 2026-01-31.
C00612,2026-09-04 15:30,Migration Team confirmed they will update project documentation for the client demo.
C00613,2026-02-23 12:45,Decision: review client requirements for the project scope. Operations Team owns the task and the deadline is 2026-03-05.
C00614,2026-07-13 17:45,Reminder: prepare data quality report should be completed by 2026-07-29.
C00615,2026-08-08 09:00,Operations Team confirmed they will complete dashboard testing for the analytics dashboard.
C00616,2026-03-25 16:15,Agreed in the meeting: Analytics Team will verify model outputs. Target: 2026-04-11.
C00617,2026-01-12 12:15,Reminder: complete dashboard testing should be completed by 2026-02-01.
C00618,2026-07-11 16:30,Decision: complete dashboard testing for the analytics dashboard. Platform Team owns the task and the deadline is 2026-07-23.
C00619,2026-07-19 09:30,Decision: complete dashboard testing for the analytics dashboard. Migration Team owns the task and the deadline is 2026-08-07.
C00620,2026-05-31 13:45,Decision: validate migration results for the reporting pipeline. QA Team owns the task and the deadline is 2026-06-19.
C00621,2026-03-30 15:00,Reminder: complete dashboard testing should be completed by 2026-04-06.
C00622,2026-01-14 16:30,Reminder: prepare release checklist should be completed by 2026-01-25.
C00623,2026-04-16 10:00,Reminder: complete ETL integration should be completed by 2026-05-03.
C00624,2026-04-11 13:45,Reminder: complete dashboard testing should be completed by 2026-04-24.
C00625,2026-03-29 16:15,Agreed in the meeting: Migration Team will complete API integration. Target: 2026-04-14.
C00626,2026-02-12 15:15,Consulting Team confirmed they will review client requirements for the project scope.
C00627,2026-08-30 09:15,Documentation Team confirmed they will complete ETL integration for the dashboard.
C00628,2026-09-02 15:30,Reminder: complete ETL integration should be completed by 2026-09-17.
C00629,2026-07-05 11:45,Agreed in the meeting: Analytics Team will update project documentation. Target: 2026-07-23.
C00630,2026-08-27 15:45,Reminder: complete API integration should be completed by 2026-09-12.
C00631,2026-08-16 16:45,Decision: finalize deployment plan for the release. Documentation Team owns the task and the deadline is 2026-09-01.
C00632,2026-07-13 12:45,Reminder: validate new metrics should be completed by 2026-07-22.
C00633,2026-04-30 11:45,Decision: verify model outputs for the analytics model. Analytics Team owns the task and the deadline is 2026-05-04.
C00634,2026-08-31 16:15,Reminder: validate migration results should be completed by 2026-09-06.
C00635,2026-02-14 11:00,Operations Team confirmed they will review client requirements for the project scope.
C00636,2026-02-21 11:15,Decision: verify model outputs for the analytics model. QA Team owns the task and the deadline is 2026-03-02.
C00637,2026-07-21 11:15,Documentation Team confirmed they will complete API integration for the client platform.
C00638,2026-03-13 15:00,Migration next week is only a possibility. Client confirmation is still pending.
C00639,2026-05-25 13:15,Data Engineering Team confirmed they will validate new metrics for the reporting.
C00640,2026-06-17 11:15,Reminder: prepare data quality report should be completed by 2026-07-06.
C00641,2026-03-24 11:30,Analytics Team confirmed they will complete security review for the production deployment.
C00642,2026-03-04 16:00,Data Engineering Team confirmed they will validate new metrics for the reporting.
C00643,2026-05-16 17:30,Consulting Team confirmed they will review client requirements for the project scope.
C00644,2026-03-04 10:00,Decision: verify model outputs for the analytics model. Documentation Team owns the task and the deadline is 2026-03-22.
C00645,2026-03-07 11:30,Decision: complete dashboard testing for the analytics dashboard. Project Team owns the task and the deadline is 2026-03-13.
C00646,2026-03-24 12:45,Operations Team confirmed they will complete dashboard testing for the analytics dashboard.
C00647,2026-03-27 09:45,Reminder: validate new metrics should be completed by 2026-04-15.
C00648,2026-05-20 15:00,Agreed in the meeting: Security Team will complete ETL integration. Target: 2026-05-29.
C00649,2026-02-13 10:15,Decision: prepare data quality report for the data pipeline. Analytics Team owns the task and the deadline is 2026-02-16.
C00650,2026-06-09 14:45,Agreed in the meeting: Operations Team will update project documentation. Target: 2026-06-29.
C00651,2026-05-19 16:45,Agreed in the meeting: Security Team will review client requirements. Target: 2026-06-05.
C00652,2026-07-31 10:30,Security Team confirmed they will complete dashboard testing for the analytics dashboard.
C00653,2026-07-24 15:15,Reminder: validate migration results should be completed by 2026-08-10.
C00654,2026-03-21 13:00,Agreed in the meeting: Operations Team will complete ETL integration. Target: 2026-03-30.
C00655,2026-07-14 11:00,Platform Team confirmed they will complete ETL integration for the dashboard.
C00656,2026-01-21 09:15,Migration Team confirmed they will prepare data quality report for the data pipeline.
C00657,2026-06-25 10:15,Decision: complete security review for the production deployment. Data Engineering Team owns the task and the deadline is 2026-07-02.
C00658,2026-01-22 16:30,Decision: finalize deployment plan for the release. Consulting Team owns the task and the deadline is 2026-02-01.
C00659,2026-04-12 13:45,Decision: complete security review for the production deployment. Documentation Team owns the task and the deadline is 2026-04-16.
C00660,2026-08-11 13:45,Operations Team confirmed they will complete security review for the production deployment.
C00661,2026-06-16 09:00,Reminder: complete security review should be completed by 2026-06-30.
C00662,2026-03-06 13:15,Decision: update project documentation for the client demo. Data Engineering Team owns the task and the deadline is 2026-03-20.
C00663,2026-05-04 17:30,Agreed in the meeting: Consulting Team will prepare release checklist. Target: 2026-05-23.
C00664,2026-02-21 09:30,Agreed in the meeting: Migration Team will prepare data quality report. Target: 2026-02-27.
C00665,2026-06-26 17:15,Reminder: review client requirements should be completed by 2026-06-28.
C00666,2026-01-13 10:30,Agreed in the meeting: Project Team will prepare data quality report. Target: 2026-02-03.
C00667,2026-02-28 11:45,Migration next week is only a possibility. Client confirmation is still pending.
C00668,2026-05-09 10:45,Decision: validate migration results for the reporting pipeline. Data Engineering Team owns the task and the deadline is 2026-05-22.
C00669,2026-07-04 10:45,Agreed in the meeting: Platform Team will complete API integration. Target: 2026-07-21.
C00670,2026-01-08 11:30,Decision: complete API integration for the client platform. Analytics Team owns the task and the deadline is 2026-01-14.
C00671,2026-01-31 17:15,Agreed in the meeting: Migration Team will prepare release checklist. Target: 2026-02-13.
C00672,2026-03-02 12:15,Documentation Team confirmed they will prepare data quality report for the data pipeline.
C00673,2026-05-28 12:45,Agreed in the meeting: Documentation Team will finalize deployment plan. Target: 2026-06-15.
C00674,2026-06-01 10:30,Migration Team confirmed they will verify model outputs for the analytics model.
C00675,2026-07-27 10:00,Reminder: update project documentation should be completed by 2026-08-17.
C00676,2026-01-22 13:15,Reminder: prepare data quality report should be completed by 2026-02-03.
C00677,2026-03-19 10:30,Reminder: complete dashboard testing should be completed by 2026-04-07.
C00678,2026-07-31 12:45,Security Team confirmed they will validate new metrics for the reporting.
C00679,2026-06-03 10:15,Reminder: complete security review should be completed by 2026-06-14.
C00680,2026-07-06 16:15,Reminder: prepare release checklist should be completed by 2026-07-22.
C00681,2026-02-13 13:30,Agreed in the meeting: QA Team will verify model outputs. Target: 2026-02-24.
C00682,2026-06-11 14:30,Reminder: prepare data quality report should be completed by 2026-06-29.
C00683,2026-02-12 15:30,Reminder: validate migration results should be completed by 2026-02-24.
C00684,2026-07-12 13:15,Agreed in the meeting: Migration Team will verify model outputs. Target: 2026-07-15.
C00685,2026-06-07 09:15,Consulting Team confirmed they will review client requirements for the project scope.
C00686,2026-02-02 13:45,Decision: validate new metrics for the reporting. Documentation Team owns the task and the deadline is 2026-02-05.
C00687,2026-07-04 09:30,Reminder: complete API integration should be completed by 2026-07-08.
C00688,2026-06-28 14:45,Agreed in the meeting: QA Team will prepare data quality report. Target: 2026-07-13.
C00689,2026-03-15 11:45,Agreed in the meeting: Operations Team will prepare release checklist. Target: 2026-03-21.
C00690,2026-04-04 13:15,Agreed in the meeting: Data Engineering Team will update project documentation. Target: 2026-04-19.
C00691,2026-01-14 10:30,Agreed in the meeting: Data Engineering Team will validate migration results. Target: 2026-01-26.
C00692,2026-04-30 12:00,Agreed in the meeting: Analytics Team will prepare data quality report. Target: 2026-05-07.
C00693,2026-04-12 13:00,Reminder: prepare data quality report should be completed by 2026-04-24.
C00694,2026-05-27 09:00,Agreed in the meeting: Analytics Team will review client requirements. Target: 2026-06-06.
C00695,2026-08-24 12:15,Project Team confirmed they will complete API integration for the client platform.
C00696,2026-04-25 13:15,Migration next week is only a possibility. Client confirmation is still pending.
C00697,2026-08-02 14:45,Reminder: prepare release checklist should be completed by 2026-08-19.
C00698,2026-07-24 10:30,Agreed in the meeting: QA Team will complete API integration. Target: 2026-07-26.
C00699,2026-02-12 15:15,Reminder: prepare data quality report should be completed by 2026-02-21.
C00700,2026-03-25 09:00,Decision: complete security review for the production deployment. QA Team owns the task and the deadline is 2026-04-15.
C00701,2026-05-28 09:00,Reminder: complete dashboard testing should be completed by 2026-06-13.
C00702,2026-01-18 13:30,Reminder: prepare data quality report should be completed by 2026-02-05.
C00703,2026-03-05 14:30,Consulting Team confirmed they will verify model outputs for the analytics model.
C00704,2026-02-15 12:00,Agreed in the meeting: Operations Team will complete API integration. Target: 2026-03-04.
C00705,2026-07-05 09:45,Agreed in the meeting: Platform Team will finalize deployment plan. Target: 2026-07-15.
C00706,2026-06-09 12:30,Reminder: verify model outputs should be completed by 2026-06-29.
C00707,2026-05-31 09:30,Agreed in the meeting: Project Team will update project documentation. Target: 2026-06-20.
C00708,2026-07-22 14:15,Agreed in the meeting: Migration Team will prepare data quality report. Target: 2026-08-10.
C00709,2026-03-27 16:15,Agreed in the meeting: QA Team will review client requirements. Target: 2026-04-01.
C00710,2026-03-05 09:45,Agreed in the meeting: QA Team will complete dashboard testing. Target: 2026-03-17.
C00711,2026-06-11 12:00,Security Team confirmed they will update project documentation for the client demo.
C00712,2026-01-26 11:15,Decision: prepare data quality report for the data pipeline. Consulting Team owns the task and the deadline is 2026-02-05.
C00713,2026-06-12 17:30,Agreed in the meeting: QA Team will prepare release checklist. Target: 2026-06-28.
C00714,2026-01-15 12:15,Decision: complete ETL integration for the dashboard. Project Team owns the task and the deadline is 2026-01-27.
C00715,2026-04-13 09:15,Decision: complete security review for the production deployment. QA Team owns the task and the deadline is 2026-04-25.
C00716,2026-07-29 09:45,Analytics Team confirmed they will finalize deployment plan for the release.
C00717,2026-05-17 16:00,Documentation Team confirmed they will complete dashboard testing for the analytics dashboard.
C00718,2026-02-08 11:30,Decision: validate new metrics for the reporting. Project Team owns the task and the deadline is 2026-02-19.
C00719,2026-01-21 11:30,Project Team confirmed they will validate migration results for the reporting pipeline.
C00720,2026-03-01 17:00,Decision: review client requirements for the project scope. Platform Team owns the task and the deadline is 2026-03-05.
C00721,2026-08-05 12:30,Data Engineering Team confirmed they will finalize deployment plan for the release.
C00722,2026-06-06 13:00,Decision: prepare release checklist for the deployment. Documentation Team owns the task and the deadline is 2026-06-23.
C00723,2026-03-27 16:30,Reminder: prepare data quality report should be completed by 2026-04-01.
C00724,2026-04-21 12:15,Migration Team confirmed they will verify model outputs for the analytics model.
C00725,2026-04-15 12:00,Migration next week is only a possibility. Client confirmation is still pending.
C00726,2026-08-05 10:30,Agreed in the meeting: Operations Team will update project documentation. Target: 2026-08-17.
C00727,2026-01-03 09:45,Decision: validate migration results for the reporting pipeline. Operations Team owns the task and the deadline is 2026-01-15.
C00728,2026-03-16 11:00,Reminder: complete API integration should be completed by 2026-04-04.
C00729,2026-05-09 14:45,Decision: prepare data quality report for the data pipeline. Documentation Team owns the task and the deadline is 2026-05-25.
C00730,2026-03-20 12:15,Decision: complete ETL integration for the dashboard. Operations Team owns the task and the deadline is 2026-04-07.
C00731,2026-07-10 09:00,Reminder: validate migration results should be completed by 2026-07-21.
C00732,2026-07-07 10:00,Reminder: complete API integration should be completed by 2026-07-13.
C00733,2026-08-01 17:00,Decision: complete API integration for the client platform. Migration Team owns the task and the deadline is 2026-08-09.
C00734,2026-03-13 15:00,Decision: update project documentation for the client demo. Operations Team owns the task and the deadline is 2026-04-01.
C00735,2026-04-15 17:45,Decision: prepare release checklist for the deployment. Migration Team owns the task and the deadline is 2026-04-28.
C00736,2026-05-16 14:45,Decision: complete ETL integration for the dashboard. Documentation Team owns the task and the deadline is 2026-05-29.
C00737,2026-06-19 15:30,Agreed in the meeting: Operations Team will review client requirements. Target: 2026-07-08.
C00738,2026-04-08 16:15,Reminder: complete ETL integration should be completed by 2026-04-10.
C00739,2026-09-01 11:45,Decision: complete ETL integration for the dashboard. Security Team owns the task and the deadline is 2026-09-20.
C00740,2026-06-22 13:45,Reminder: verify model outputs should be completed by 2026-06-30.
C00741,2026-02-23 14:45,Agreed in the meeting: Consulting Team will complete ETL integration. Target: 2026-03-11.
C00742,2026-07-06 09:15,Reminder: validate new metrics should be completed by 2026-07-27.
C00743,2026-09-01 17:30,Analytics Team confirmed they will verify model outputs for the analytics model.
C00744,2026-09-08 13:15,Operations Team confirmed they will prepare data quality report for the data pipeline.
C00745,2026-04-10 16:30,Reminder: complete ETL integration should be completed by 2026-04-25.
C00746,2026-05-15 17:45,Platform Team confirmed they will finalize deployment plan for the release.
C00747,2026-07-15 16:00,Analytics Team confirmed they will validate new metrics for the reporting.
C00748,2026-04-21 09:30,Agreed in the meeting: Documentation Team will finalize deployment plan. Target: 2026-05-05.
C00749,2026-03-19 12:00,Agreed in the meeting: Migration Team will complete ETL integration. Target: 2026-04-04.
C00750,2026-05-31 11:00,Data Engineering Team confirmed they will complete security review for the production deployment.
C00751,2026-04-20 14:15,Reminder: prepare data quality report should be completed by 2026-05-07.
C00752,2026-07-23 12:00,Reminder: validate migration results should be completed by 2026-08-06.
C00753,2026-06-26 17:45,Reminder: complete API integration should be completed by 2026-07-03.
C00754,2026-01-28 14:30,Migration next week is only a possibility. Client confirmation is still pending.
C00755,2026-08-07 10:15,Agreed in the meeting: Consulting Team will verify model outputs. Target: 2026-08-10.
C00756,2026-09-02 14:30,Decision: finalize deployment plan for the release. Project Team owns the task and the deadline is 2026-09-04.
C00757,2026-03-29 13:00,Agreed in the meeting: Migration Team will prepare release checklist. Target: 2026-04-01.
C00758,2026-05-26 16:45,Reminder: update project documentation should be completed by 2026-06-13.
C00759,2026-02-04 13:45,Decision: validate new metrics for the reporting. Analytics Team owns the task and the deadline is 2026-02-12.
C00760,2026-02-21 13:15,Decision: update project documentation for the client demo. Migration Team owns the task and the deadline is 2026-02-24.
C00761,2026-01-08 10:30,QA Team confirmed they will finalize deployment plan for the release.
C00762,2026-06-08 12:00,Decision: prepare release checklist for the deployment. Platform Team owns the task and the deadline is 2026-06-18.
C00763,2026-04-23 15:30,Agreed in the meeting: Consulting Team will validate new metrics. Target: 2026-05-07.
C00764,2026-05-12 16:15,Reminder: validate migration results should be completed by 2026-05-30.
C00765,2026-02-10 11:30,Reminder: prepare data quality report should be completed by 2026-02-22.
C00766,2026-01-15 09:15,Agreed in the meeting: Security Team will update project documentation. Target: 2026-01-18.
C00767,2026-02-27 13:00,Reminder: validate new metrics should be completed by 2026-03-15.
C00768,2026-08-07 10:15,Decision: validate migration results for the reporting pipeline. Project Team owns the task and the deadline is 2026-08-20.
C00769,2026-07-31 13:00,Decision: verify model outputs for the analytics model. Migration Team owns the task and the deadline is 2026-08-07.
C00770,2026-03-28 10:45,Decision: validate new metrics for the reporting. Operations Team owns the task and the deadline is 2026-03-31.
C00771,2026-08-06 11:15,Documentation Team confirmed they will complete security review for the production deployment.
C00772,2026-07-17 13:45,Reminder: complete ETL integration should be completed by 2026-08-06.
C00773,2026-07-24 12:45,Reminder: finalize deployment plan should be completed by 2026-07-30.
C00774,2026-04-11 14:30,Decision: complete dashboard testing for the analytics dashboard. Consulting Team owns the task and the deadline is 2026-04-17.
C00775,2026-02-07 11:30,Reminder: complete security review should be completed by 2026-02-17.
C00776,2026-02-18 10:15,Decision: update project documentation for the client demo. Platform Team owns the task and the deadline is 2026-03-06.
C00777,2026-03-18 14:00,Decision: validate migration results for the reporting pipeline. QA Team owns the task and the deadline is 2026-03-23.
C00778,2026-06-28 11:45,Decision: verify model outputs for the analytics model. Operations Team owns the task and the deadline is 2026-07-18.
C00779,2026-08-24 13:00,Reminder: update project documentation should be completed by 2026-09-13.
C00780,2026-01-02 15:00,Decision: complete dashboard testing for the analytics dashboard. Data Engineering Team owns the task and the deadline is 2026-01-18.
C00781,2026-08-12 17:00,Agreed in the meeting: Analytics Team will complete API integration. Target: 2026-09-02.
C00782,2026-07-07 14:45,Reminder: complete security review should be completed by 2026-07-18.
C00783,2026-04-15 17:15,Migration next week is only a possibility. Client confirmation is still pending.
C00784,2026-03-09 10:30,Decision: update project documentation for the client demo. Analytics Team owns the task and the deadline is 2026-03-13.
C00785,2026-01-29 17:00,Decision: complete ETL integration for the dashboard. Consulting Team owns the task and the deadline is 2026-02-10.
C00786,2026-06-28 12:15,Reminder: verify model outputs should be completed by 2026-07-03.
C00787,2026-08-12 09:30,Consulting Team confirmed they will prepare data quality report for the data pipeline.
C00788,2026-04-17 09:30,Decision: validate new metrics for the reporting. Data Engineering Team owns the task and the deadline is 2026-05-03.
C00789,2026-03-17 17:45,Decision: update project documentation for the client demo. Migration Team owns the task and the deadline is 2026-03-21.
C00790,2026-02-20 10:30,Project Team confirmed they will validate new metrics for the reporting.
C00791,2026-05-02 11:15,Platform Team confirmed they will finalize deployment plan for the release.
C00792,2026-07-22 09:45,Agreed in the meeting: Consulting Team will complete ETL integration. Target: 2026-07-31.
C00793,2026-08-08 16:30,Reminder: complete API integration should be completed by 2026-08-28.
C00794,2026-01-01 12:15,Reminder: validate migration results should be completed by 2026-01-10.
C00795,2026-07-11 13:00,Security Team confirmed they will verify model outputs for the analytics model.
C00796,2026-01-19 09:45,Reminder: update project documentation should be completed by 2026-01-26.
C00797,2026-07-14 16:30,Decision: validate migration results for the reporting pipeline. QA Team owns the task and the deadline is 2026-08-02.
C00798,2026-03-31 16:45,Decision: validate migration results for the reporting pipeline. QA Team owns the task and the deadline is 2026-04-03.
C00799,2026-01-07 17:45,Decision: complete dashboard testing for the analytics dashboard. Project Team owns the task and the deadline is 2026-01-22.
C00800,2026-02-12 14:15,Operations Team confirmed they will complete ETL integration for the dashboard.
C00801,2026-01-06 09:30,Reminder: complete dashboard testing should be completed by 2026-01-24.
C00802,2026-04-29 13:45,Documentation Team confirmed they will review client requirements for the project scope.
C00803,2026-05-11 13:00,Reminder: complete ETL integration should be completed by 2026-05-20.
C00804,2026-07-26 10:00,Decision: prepare data quality report for the data pipeline. Data Engineering Team owns the task and the deadline is 2026-08-11.
C00805,2026-07-12 10:45,Platform Team confirmed they will update project documentation for the client demo.
C00806,2026-05-27 13:15,Decision: complete ETL integration for the dashboard. QA Team owns the task and the deadline is 2026-06-12.
C00807,2026-01-29 10:45,Decision: complete API integration for the client platform. Analytics Team owns the task and the deadline is 2026-02-13.
C00808,2026-01-10 13:00,Security Team confirmed they will validate migration results for the reporting pipeline.
C00809,2026-03-17 10:30,Reminder: complete API integration should be completed by 2026-04-01.
C00810,2026-03-13 12:15,QA Team confirmed they will verify model outputs for the analytics model.
C00811,2026-06-19 15:30,Decision: complete security review for the production deployment. Project Team owns the task and the deadline is 2026-06-28.
C00812,2026-05-03 09:15,Migration next week is only a possibility. Client confirmation is still pending.
C00813,2026-08-13 09:30,Agreed in the meeting: Documentation Team will prepare release checklist. Target: 2026-09-02.
C00814,2026-04-09 15:30,Decision: prepare release checklist for the deployment. QA Team owns the task and the deadline is 2026-04-23.
C00815,2026-09-03 16:45,Agreed in the meeting: QA Team will validate migration results. Target: 2026-09-19.
C00816,2026-09-04 13:45,Reminder: complete dashboard testing should be completed by 2026-09-22.
C00817,2026-07-03 11:15,Reminder: finalize deployment plan should be completed by 2026-07-21.
C00818,2026-08-08 14:15,Reminder: complete security review should be completed by 2026-08-25.
C00819,2026-05-22 16:00,Agreed in the meeting: Consulting Team will prepare release checklist. Target: 2026-05-26.
C00820,2026-03-12 12:00,Reminder: complete API integration should be completed by 2026-03-26.
C00821,2026-08-28 09:45,Decision: finalize deployment plan for the release. Data Engineering Team owns the task and the deadline is 2026-09-10.
C00822,2026-05-03 12:30,Decision: complete API integration for the client platform. Platform Team owns the task and the deadline is 2026-05-09.
C00823,2026-08-14 10:45,Reminder: finalize deployment plan should be completed by 2026-08-16.
C00824,2026-06-28 17:15,Project Team confirmed they will complete dashboard testing for the analytics dashboard.
C00825,2026-04-13 12:45,Data Engineering Team confirmed they will validate migration results for the reporting pipeline.
C00826,2026-04-03 16:00,QA Team confirmed they will complete API integration for the client platform.
C00827,2026-06-19 11:45,Reminder: prepare release checklist should be completed by 2026-07-08.
C00828,2026-04-12 11:30,Decision: complete security review for the production deployment. Project Team owns the task and the deadline is 2026-05-03.
C00829,2026-03-26 09:15,Decision: complete ETL integration for the dashboard. Operations Team owns the task and the deadline is 2026-03-28.
C00830,2026-06-20 10:00,Reminder: validate migration results should be completed by 2026-07-02.
C00831,2026-01-19 15:00,Documentation Team confirmed they will prepare data quality report for the data pipeline.
C00832,2026-07-21 13:00,Decision: validate migration results for the reporting pipeline. Security Team owns the task and the deadline is 2026-07-30.
C00833,2026-01-13 17:15,Reminder: review client requirements should be completed by 2026-01-24.
C00834,2026-08-02 09:45,Agreed in the meeting: Platform Team will complete security review. Target: 2026-08-10.
C00835,2026-01-19 09:30,Reminder: review client requirements should be completed by 2026-01-24.
C00836,2026-06-23 16:15,Reminder: finalize deployment plan should be completed by 2026-07-05.
C00837,2026-01-18 11:15,Agreed in the meeting: Analytics Team will review client requirements. Target: 2026-02-06.
C00838,2026-08-13 11:00,Reminder: update project documentation should be completed by 2026-08-17.
C00839,2026-07-30 13:00,Agreed in the meeting: Platform Team will validate new metrics. Target: 2026-08-03.
C00840,2026-08-01 09:15,Decision: validate new metrics for the reporting. QA Team owns the task and the deadline is 2026-08-11.
C00841,2026-06-26 15:15,Migration next week is only a possibility. Client confirmation is still pending.
C00842,2026-08-22 10:45,Decision: validate new metrics for the reporting. Platform Team owns the task and the deadline is 2026-09-01.
C00843,2026-08-03 12:15,Agreed in the meeting: QA Team will complete API integration. Target: 2026-08-07.
C00844,2026-06-18 11:30,Reminder: review client requirements should be completed by 2026-06-24.
C00845,2026-07-26 16:00,Agreed in the meeting: Security Team will validate new metrics. Target: 2026-08-16.
C00846,2026-04-29 13:30,Agreed in the meeting: Security Team will complete security review. Target: 2026-05-11.
C00847,2026-08-21 15:30,Consulting Team confirmed they will complete dashboard testing for the analytics dashboard.
C00848,2026-07-14 12:45,Decision: validate new metrics for the reporting. Migration Team owns the task and the deadline is 2026-08-01.
C00849,2026-08-12 10:00,Decision: update project documentation for the client demo. Consulting Team owns the task and the deadline is 2026-08-21.
C00850,2026-04-20 13:00,Decision: prepare release checklist for the deployment. Documentation Team owns the task and the deadline is 2026-05-08.
C00851,2026-03-24 17:45,Platform Team confirmed they will validate migration results for the reporting pipeline.
C00852,2026-06-29 14:00,Reminder: prepare release checklist should be completed by 2026-07-06.
C00853,2026-05-16 16:00,Decision: finalize deployment plan for the release. Security Team owns the task and the deadline is 2026-06-05.
C00854,2026-06-26 11:00,Reminder: validate new metrics should be completed by 2026-07-05.
C00855,2026-02-13 10:45,Reminder: prepare release checklist should be completed by 2026-02-27.
C00856,2026-07-05 09:15,Security Team confirmed they will update project documentation for the client demo.
C00857,2026-01-19 17:00,Security Team confirmed they will complete API integration for the client platform.
C00858,2026-06-18 16:45,Agreed in the meeting: QA Team will prepare release checklist. Target: 2026-07-04.
C00859,2026-06-04 14:45,Decision: finalize deployment plan for the release. Documentation Team owns the task and the deadline is 2026-06-17.
C00860,2026-05-25 11:30,Decision: complete dashboard testing for the analytics dashboard. Platform Team owns the task and the deadline is 2026-05-29.
C00861,2026-01-17 16:15,Agreed in the meeting: Operations Team will prepare data quality report. Target: 2026-01-19.
C00862,2026-07-01 17:45,Reminder: finalize deployment plan should be completed by 2026-07-15.
C00863,2026-08-09 15:00,Analytics Team confirmed they will complete security review for the production deployment.
C00864,2026-07-06 11:15,Decision: complete ETL integration for the dashboard. QA Team owns the task and the deadline is 2026-07-08.
C00865,2026-04-03 15:15,Agreed in the meeting: Data Engineering Team will prepare release checklist. Target: 2026-04-21.
C00866,2026-05-28 11:30,Reminder: complete security review should be completed by 2026-06-15.
C00867,2026-02-27 11:00,Agreed in the meeting: Data Engineering Team will prepare data quality report. Target: 2026-03-17.
C00868,2026-01-22 11:45,QA Team confirmed they will prepare release checklist for the deployment.
C00869,2026-07-15 13:30,Reminder: complete security review should be completed by 2026-07-17.
C00870,2026-02-04 09:00,Migration next week is only a possibility. Client confirmation is still pending.
C00871,2026-02-05 17:45,Reminder: verify model outputs should be completed by 2026-02-09.
C00872,2026-06-24 11:45,Agreed in the meeting: Documentation Team will prepare release checklist. Target: 2026-07-09.
C00873,2026-06-11 15:30,Analytics Team confirmed they will complete security review for the production deployment.
C00874,2026-04-01 14:00,Decision: complete ETL integration for the dashboard. Data Engineering Team owns the task and the deadline is 2026-04-14.
C00875,2026-01-09 17:00,Documentation Team confirmed they will complete dashboard testing for the analytics dashboard.
C00876,2026-07-01 11:15,Decision: complete security review for the production deployment. Operations Team owns the task and the deadline is 2026-07-09.
C00877,2026-01-04 12:45,Agreed in the meeting: Data Engineering Team will prepare data quality report. Target: 2026-01-10.
C00878,2026-03-03 14:00,Agreed in the meeting: Security Team will prepare release checklist. Target: 2026-03-21.
C00879,2026-01-01 12:30,Agreed in the meeting: Security Team will verify model outputs. Target: 2026-01-11.
C00880,2026-04-27 14:15,Agreed in the meeting: Documentation Team will validate migration results. Target: 2026-05-12.
C00881,2026-08-06 17:00,Reminder: validate migration results should be completed by 2026-08-21.
C00882,2026-02-26 10:45,Reminder: complete API integration should be completed by 2026-03-12.
C00883,2026-07-06 13:00,QA Team confirmed they will update project documentation for the client demo.
C00884,2026-04-06 13:30,Decision: complete ETL integration for the dashboard. Analytics Team owns the task and the deadline is 2026-04-20.
C00885,2026-04-22 15:30,Decision: prepare data quality report for the data pipeline. Documentation Team owns the task and the deadline is 2026-04-24.
C00886,2026-06-25 17:30,Decision: prepare release checklist for the deployment. Consulting Team owns the task and the deadline is 2026-07-07.
C00887,2026-01-26 14:00,Agreed in the meeting: Platform Team will validate new metrics. Target: 2026-02-06.
C00888,2026-05-29 15:15,Agreed in the meeting: Migration Team will complete ETL integration. Target: 2026-06-18.
C00889,2026-03-17 10:00,Decision: complete ETL integration for the dashboard. Project Team owns the task and the deadline is 2026-03-29.
C00890,2026-06-17 15:45,Decision: prepare release checklist for the deployment. Analytics Team owns the task and the deadline is 2026-06-25.
C00891,2026-03-26 11:30,Agreed in the meeting: Project Team will complete security review. Target: 2026-04-04.
C00892,2026-02-04 17:00,Agreed in the meeting: Project Team will review client requirements. Target: 2026-02-23.
C00893,2026-04-27 16:30,Decision: finalize deployment plan for the release. QA Team owns the task and the deadline is 2026-05-07.
C00894,2026-09-02 13:45,Agreed in the meeting: Operations Team will complete security review. Target: 2026-09-14.
C00895,2026-06-02 14:00,Analytics Team confirmed they will validate migration results for the reporting pipeline.
C00896,2026-07-18 11:30,Agreed in the meeting: Project Team will review client requirements. Target: 2026-08-02.
C00897,2026-04-29 16:15,Decision: complete ETL integration for the dashboard. Operations Team owns the task and the deadline is 2026-05-08.
C00898,2026-04-24 13:00,QA Team confirmed they will complete ETL integration for the dashboard.
C00899,2026-07-25 17:00,Migration next week is only a possibility. Client confirmation is still pending.
C00900,2026-01-18 13:15,Security Team confirmed they will complete API integration for the client platform.
C00901,2026-09-03 14:30,Decision: complete API integration for the client platform. Project Team owns the task and the deadline is 2026-09-10.
C00902,2026-03-25 14:45,Reminder: finalize deployment plan should be completed by 2026-04-10.
C00903,2026-06-03 10:00,Agreed in the meeting: QA Team will prepare data quality report. Target: 2026-06-23.
C00904,2026-01-05 13:30,Reminder: validate new metrics should be completed by 2026-01-11.
C00905,2026-08-12 13:30,Decision: validate migration results for the reporting pipeline. Analytics Team owns the task and the deadline is 2026-08-26.
C00906,2026-05-21 14:45,Agreed in the meeting: Data Engineering Team will validate migration results. Target: 2026-06-03.
C00907,2026-02-16 10:15,Reminder: validate new metrics should be completed by 2026-03-06.
C00908,2026-01-16 09:15,Decision: prepare data quality report for the data pipeline. Consulting Team owns the task and the deadline is 2026-01-31.
C00909,2026-02-03 17:15,Data Engineering Team confirmed they will verify model outputs for the analytics model.
C00910,2026-04-10 10:00,Reminder: prepare release checklist should be completed by 2026-04-30.
C00911,2026-05-28 11:45,Reminder: verify model outputs should be completed by 2026-06-09.
C00912,2026-08-28 09:15,QA Team confirmed they will review client requirements for the project scope.
C00913,2026-08-14 11:30,Reminder: complete API integration should be completed by 2026-09-01.
C00914,2026-05-12 10:30,Reminder: complete API integration should be completed by 2026-05-28.
C00915,2026-06-28 12:00,Reminder: complete ETL integration should be completed by 2026-06-30.
C00916,2026-03-02 16:30,Documentation Team confirmed they will complete API integration for the client platform.
C00917,2026-07-20 13:30,Platform Team confirmed they will verify model outputs for the analytics model.
C00918,2026-03-12 10:00,Agreed in the meeting: Platform Team will validate new metrics. Target: 2026-04-01.
C00919,2026-07-10 15:15,Operations Team confirmed they will verify model outputs for the analytics model.
C00920,2026-06-17 12:30,Decision: finalize deployment plan for the release. Platform Team owns the task and the deadline is 2026-07-07.
C00921,2026-06-26 15:00,Agreed in the meeting: Consulting Team will update project documentation. Target: 2026-07-08.
C00922,2026-08-24 17:30,Reminder: prepare release checklist should be completed by 2026-08-27.
C00923,2026-07-27 15:30,Agreed in the meeting: Migration Team will finalize deployment plan. Target: 2026-08-12.
C00924,2026-08-25 16:30,Decision: verify model outputs for the analytics model. Operations Team owns the task and the deadline is 2026-09-13.
C00925,2026-04-07 16:30,Reminder: complete dashboard testing should be completed by 2026-04-10.
C00926,2026-08-04 12:00,Reminder: verify model outputs should be completed by 2026-08-09.
C00927,2026-04-30 15:00,Decision: finalize deployment plan for the release. QA Team owns the task and the deadline is 2026-05-02.
C00928,2026-05-06 17:15,Migration next week is only a possibility. Client confirmation is still pending.
C00929,2026-02-18 12:30,Agreed in the meeting: Consulting Team will complete ETL integration. Target: 2026-02-27.
C00930,2026-04-15 14:15,Agreed in the meeting: Migration Team will finalize deployment plan. Target: 2026-04-18.
C00931,2026-02-27 10:15,Agreed in the meeting: Operations Team will finalize deployment plan. Target: 2026-03-07.
C00932,2026-04-28 12:30,Reminder: validate migration results should be completed by 2026-05-09.
C00933,2026-02-09 13:00,Agreed in the meeting: QA Team will complete security review. Target: 2026-02-15.
C00934,2026-03-10 16:45,Analytics Team confirmed they will complete dashboard testing for the analytics dashboard.
C00935,2026-08-15 09:15,Project Team confirmed they will finalize deployment plan for the release.
C00936,2026-06-27 16:00,Reminder: complete ETL integration should be completed by 2026-06-30.
C00937,2026-01-30 16:30,Analytics Team confirmed they will update project documentation for the client demo.
C00938,2026-03-09 14:30,Agreed in the meeting: Platform Team will validate new metrics. Target: 2026-03-14.
C00939,2026-01-28 17:15,Reminder: validate migration results should be completed by 2026-02-03.
C00940,2026-06-23 09:45,Reminder: complete ETL integration should be completed by 2026-07-09.
C00941,2026-01-27 11:15,Decision: review client requirements for the project scope. Security Team owns the task and the deadline is 2026-02-05.
C00942,2026-04-04 15:30,Consulting Team confirmed they will validate new metrics for the reporting.
C00943,2026-03-05 09:30,Project Team confirmed they will finalize deployment plan for the release.
C00944,2026-05-29 14:00,Security Team confirmed they will validate new metrics for the reporting.
C00945,2026-04-20 09:45,Platform Team confirmed they will prepare data quality report for the data pipeline.
C00946,2026-08-25 12:15,Agreed in the meeting: Security Team will prepare data quality report. Target: 2026-09-09.
C00947,2026-05-28 09:30,Agreed in the meeting: Operations Team will complete ETL integration. Target: 2026-05-30.
C00948,2026-06-27 12:45,Reminder: validate new metrics should be completed by 2026-07-03.
C00949,2026-08-16 09:15,Reminder: complete security review should be completed by 2026-08-19.
C00950,2026-04-06 14:00,Decision: validate migration results for the reporting pipeline. Operations Team owns the task and the deadline is 2026-04-22.
C00951,2026-04-21 16:00,Agreed in the meeting: Analytics Team will finalize deployment plan. Target: 2026-04-26.
C00952,2026-01-10 09:15,Documentation Team confirmed they will update project documentation for the client demo.
C00953,2026-06-06 09:45,Agreed in the meeting: Operations Team will complete API integration. Target: 2026-06-23.
C00954,2026-08-22 10:45,Agreed in the meeting: Security Team will prepare release checklist. Target: 2026-08-26.
C00955,2026-06-25 12:15,Agreed in the meeting: Documentation Team will prepare release checklist. Target: 2026-06-29.
C00956,2026-05-28 15:15,Agreed in the meeting: Analytics Team will complete ETL integration. Target: 2026-06-09.
C00957,2026-01-07 16:00,Migration next week is only a possibility. Client confirmation is still pending.
C00958,2026-08-10 09:15,Reminder: review client requirements should be completed by 2026-08-19.
C00959,2026-04-24 13:15,Platform Team confirmed they will complete ETL integration for the dashboard.
C00960,2026-06-08 17:30,Reminder: prepare release checklist should be completed by 2026-06-27.
C00961,2026-07-22 11:15,Agreed in the meeting: Data Engineering Team will validate new metrics. Target: 2026-07-30.
C00962,2026-02-10 17:00,Decision: complete security review for the production deployment. Analytics Team owns the task and the deadline is 2026-02-25.
C00963,2026-08-19 13:30,Operations Team confirmed they will prepare release checklist for the deployment.
C00964,2026-05-09 14:15,Decision: prepare data quality report for the data pipeline. Consulting Team owns the task and the deadline is 2026-05-24.
C00965,2026-08-05 15:00,Agreed in the meeting: Operations Team will complete dashboard testing. Target: 2026-08-21.
C00966,2026-06-27 13:30,Agreed in the meeting: Security Team will finalize deployment plan. Target: 2026-07-13.
C00967,2026-04-26 17:45,Consulting Team confirmed they will prepare data quality report for the data pipeline.
C00968,2026-01-04 16:00,Documentation Team confirmed they will complete dashboard testing for the analytics dashboard.
C00969,2026-05-03 16:45,Agreed in the meeting: Data Engineering Team will validate new metrics. Target: 2026-05-07.
C00970,2026-08-20 17:45,Agreed in the meeting: Security Team will review client requirements. Target: 2026-08-31.
C00971,2026-04-13 17:00,Agreed in the meeting: Documentation Team will complete security review. Target: 2026-05-01.
C00972,2026-08-17 15:00,Reminder: complete dashboard testing should be completed by 2026-08-22.
C00973,2026-01-07 09:30,Reminder: prepare data quality report should be completed by 2026-01-11.
C00974,2026-01-09 14:45,Decision: review client requirements for the project scope. Operations Team owns the task and the deadline is 2026-01-27.
C00975,2026-07-23 12:00,Reminder: validate new metrics should be completed by 2026-08-03.
C00976,2026-09-06 14:00,Agreed in the meeting: Security Team will prepare data quality report. Target: 2026-09-26.
C00977,2026-08-18 10:15,Consulting Team confirmed they will complete security review for the production deployment.
C00978,2026-03-02 14:30,Decision: validate new metrics for the reporting. Analytics Team owns the task and the deadline is 2026-03-04.
C00979,2026-05-28 10:30,Reminder: complete ETL integration should be completed by 2026-06-15.
C00980,2026-01-01 10:45,Reminder: prepare release checklist should be completed by 2026-01-19.
C00981,2026-05-05 10:30,Reminder: complete ETL integration should be completed by 2026-05-22.
C00982,2026-06-16 10:00,Platform Team confirmed they will complete dashboard testing for the analytics dashboard.
C00983,2026-02-27 12:45,Reminder: complete API integration should be completed by 2026-03-12.
C00984,2026-06-02 15:45,Reminder: verify model outputs should be completed by 2026-06-13.
C00985,2026-01-22 09:30,Decision: validate migration results for the reporting pipeline. Analytics Team owns the task and the deadline is 2026-01-25.
C00986,2026-01-14 16:00,Migration next week is only a possibility. Client confirmation is still pending.
C00987,2026-01-08 11:00,Project Team confirmed they will complete ETL integration for the dashboard.
C00988,2026-06-20 13:45,Agreed in the meeting: Security Team will verify model outputs. Target: 2026-06-29.
C00989,2026-01-09 10:00,Security Team confirmed they will complete API integration for the client platform.
C00990,2026-08-20 16:30,Agreed in the meeting: Platform Team will verify model outputs. Target: 2026-09-01.
C00991,2026-08-11 15:30,Documentation Team confirmed they will prepare release checklist for the deployment.
C00992,2026-03-07 11:30,Security Team confirmed they will validate new metrics for the reporting.
C00993,2026-06-21 11:00,Consulting Team confirmed they will validate migration results for the reporting pipeline.
C00994,2026-01-29 14:15,Platform Team confirmed they will complete dashboard testing for the analytics dashboard.
C00995,2026-01-24 12:15,Reminder: complete API integration should be completed by 2026-02-02.
C00996,2026-07-22 15:45,Reminder: verify model outputs should be completed by 2026-08-12.
C00997,2026-04-08 17:00,Operations Team confirmed they will complete ETL integration for the dashboard.
C00998,2026-03-29 16:00,Decision: complete dashboard testing for the analytics dashboard. Platform Team owns the task and the deadline is 2026-04-19.
C00999,2026-07-24 14:30,Decision: prepare release checklist for the deployment. Documentation Team owns the task and the deadline is 2026-08-07.
C01000,2026-03-12 13:00,Migration Team confirmed they will complete ETL integration for the dashboard.
C01001,2026-05-09 15:15,Consulting Team confirmed they will prepare release checklist for the deployment.
C01002,2026-04-24 13:30,Reminder: complete ETL integration should be completed by 2026-05-14.
C01003,2026-02-23 11:30,Agreed in the meeting: Project Team will update project documentation. Target: 2026-03-07.
C01004,2026-09-07 16:00,Decision: validate migration results for the reporting pipeline. Analytics Team owns the task and the deadline is 2026-09-11.
C01005,2026-08-22 17:30,Reminder: review client requirements should be completed by 2026-09-01.
C01006,2026-06-23 15:30,Decision: update project documentation for the client demo. Documentation Team owns the task and the deadline is 2026-06-30.
C01007,2026-03-04 14:45,Decision: review client requirements for the project scope. Analytics Team owns the task and the deadline is 2026-03-12.
C01008,2026-07-29 16:15,Decision: prepare release checklist for the deployment. Consulting Team owns the task and the deadline is 2026-08-17.
C01009,2026-08-13 09:15,Security Team confirmed they will verify model outputs for the analytics model.
C01010,2026-02-09 14:45,Security Team confirmed they will complete ETL integration for the dashboard.
C01011,2026-03-17 17:15,Decision: review client requirements for the project scope. Documentation Team owns the task and the deadline is 2026-04-03.
C01012,2026-07-03 11:00,Consulting Team confirmed they will prepare data quality report for the data pipeline.
C01013,2026-04-25 13:45,Agreed in the meeting: Data Engineering Team will complete dashboard testing. Target: 2026-05-02.
C01014,2026-08-28 16:00,Platform Team confirmed they will prepare release checklist for the deployment.
C01015,2026-06-24 16:15,Migration next week is only a possibility. Client confirmation is still pending.
C01016,2026-04-28 11:45,Project Team confirmed they will review client requirements for the project scope.
C01017,2026-03-30 11:15,Reminder: prepare data quality report should be completed by 2026-04-14.
C01018,2026-05-31 17:45,Platform Team confirmed they will finalize deployment plan for the release.
C01019,2026-03-26 17:30,Agreed in the meeting: Platform Team will complete dashboard testing. Target: 2026-03-30.
C01020,2026-03-13 09:00,Agreed in the meeting: Documentation Team will complete security review. Target: 2026-04-02.
C01021,2026-04-17 09:30,Reminder: validate new metrics should be completed by 2026-04-24.
C01022,2026-03-27 10:15,Decision: validate new metrics for the reporting. Consulting Team owns the task and the deadline is 2026-04-05.
C01023,2026-01-29 11:30,Reminder: complete dashboard testing should be completed by 2026-02-09.
C01024,2026-06-04 12:45,Decision: validate new metrics for the reporting. Project Team owns the task and the deadline is 2026-06-09.
C01025,2026-04-03 15:45,Agreed in the meeting: Security Team will prepare release checklist. Target: 2026-04-09.
C01026,2026-08-11 09:45,Data Engineering Team confirmed they will verify model outputs for the analytics model.
C01027,2026-06-07 13:00,Reminder: update project documentation should be completed by 2026-06-12.
C01028,2026-01-09 11:15,Agreed in the meeting: Platform Team will verify model outputs. Target: 2026-01-20.
C01029,2026-03-05 09:15,Reminder: verify model outputs should be completed by 2026-03-12.
C01030,2026-01-18 17:45,Reminder: complete dashboard testing should be completed by 2026-01-29.
C01031,2026-08-12 14:45,Agreed in the meeting: QA Team will validate migration results. Target: 2026-08-17.
C01032,2026-06-10 10:15,Reminder: prepare release checklist should be completed by 2026-06-12.
C01033,2026-05-20 11:45,Reminder: complete ETL integration should be completed by 2026-06-03.
C01034,2026-01-20 14:30,Project Team confirmed they will complete API integration for the client platform.
C01035,2026-05-12 15:45,QA Team confirmed they will finalize deployment plan for the release.
C01036,2026-07-01 13:00,Agreed in the meeting: Migration Team will complete ETL integration. Target: 2026-07-08.
C01037,2026-03-28 11:00,Reminder: verify model outputs should be completed by 2026-04-15.
C01038,2026-04-21 09:30,Documentation Team confirmed they will complete dashboard testing for the analytics dashboard.
C01039,2026-02-14 17:15,Decision: complete dashboard testing for the analytics dashboard. Migration Team owns the task and the deadline is 2026-03-02.
C01040,2026-03-26 11:00,Agreed in the meeting: QA Team will validate migration results. Target: 2026-04-04.
C01041,2026-07-28 17:45,Agreed in the meeting: Analytics Team will prepare release checklist. Target: 2026-08-04.
C01042,2026-07-10 11:00,Reminder: validate new metrics should be completed by 2026-07-24.
C01043,2026-09-08 13:15,Reminder: prepare release checklist should be completed by 2026-09-25.
C01044,2026-02-04 15:30,Migration next week is only a possibility. Client confirmation is still pending.
C01045,2026-07-09 15:00,Reminder: complete security review should be completed by 2026-07-11.
C01046,2026-04-25 17:15,Decision: prepare data quality report for the data pipeline. Consulting Team owns the task and the deadline is 2026-04-29.
C01047,2026-04-15 11:15,QA Team confirmed they will complete dashboard testing for the analytics dashboard.
C01048,2026-05-03 12:30,Agreed in the meeting: Operations Team will complete security review. Target: 2026-05-11.
C01049,2026-08-08 16:45,Data Engineering Team confirmed they will complete ETL integration for the dashboard.
C01050,2026-02-24 14:30,Decision: prepare data quality report for the data pipeline. Documentation Team owns the task and the deadline is 2026-03-04.
C01051,2026-08-30 11:45,Agreed in the meeting: QA Team will prepare release checklist. Target: 2026-09-05.
C01052,2026-05-21 14:45,Data Engineering Team confirmed they will complete dashboard testing for the analytics dashboard.
C01053,2026-01-11 11:30,Reminder: finalize deployment plan should be completed by 2026-01-22.
C01054,2026-05-14 12:45,Platform Team confirmed they will verify model outputs for the analytics model.
C01055,2026-01-27 10:45,Decision: review client requirements for the project scope. Platform Team owns the task and the deadline is 2026-02-15.
C01056,2026-04-03 15:30,Agreed in the meeting: Operations Team will verify model outputs. Target: 2026-04-19.
C01057,2026-05-16 15:30,Operations Team confirmed they will complete API integration for the client platform.
C01058,2026-09-04 13:30,Agreed in the meeting: Operations Team will prepare data quality report. Target: 2026-09-13.
C01059,2026-02-17 11:00,Security Team confirmed they will complete dashboard testing for the analytics dashboard.
C01060,2026-04-01 17:45,Reminder: complete ETL integration should be completed by 2026-04-03.
C01061,2026-08-17 11:15,Documentation Team confirmed they will complete dashboard testing for the analytics dashboard.
C01062,2026-09-03 11:45,Reminder: complete ETL integration should be completed by 2026-09-20.
C01063,2026-01-07 17:30,Agreed in the meeting: QA Team will complete ETL integration. Target: 2026-01-11.
C01064,2026-08-30 09:15,Decision: complete API integration for the client platform. QA Team owns the task and the deadline is 2026-09-17.
C01065,2026-06-27 10:15,Reminder: prepare data quality report should be completed by 2026-07-01.
C01066,2026-02-06 17:15,Decision: finalize deployment plan for the release. QA Team owns the task and the deadline is 2026-02-21.
C01067,2026-03-24 17:00,Decision: review client requirements for the project scope. Data Engineering Team owns the task and the deadline is 2026-03-26.
C01068,2026-04-04 12:15,Platform Team confirmed they will complete dashboard testing for the analytics dashboard.
C01069,2026-04-14 16:00,Reminder: verify model outputs should be completed by 2026-04-30.
C01070,2026-02-12 17:45,Analytics Team confirmed they will finalize deployment plan for the release.
C01071,2026-06-05 15:30,Platform Team confirmed they will prepare release checklist for the deployment.
C01072,2026-04-01 16:30,Documentation Team confirmed they will finalize deployment plan for the release.
C01073,2026-09-07 14:00,Migration next week is only a possibility. Client confirmation is still pending.
C01074,2026-02-04 10:45,Analytics Team confirmed they will complete dashboard testing for the analytics dashboard.
C01075,2026-08-13 13:00,Migration Team confirmed they will update project documentation for the client demo.
C01076,2026-08-30 11:30,Agreed in the meeting: Security Team will prepare release checklist. Target: 2026-09-12.
C01077,2026-07-27 09:45,Agreed in the meeting: Migration Team will verify model outputs. Target: 2026-08-14.
C01078,2026-07-18 10:45,Agreed in the meeting: Project Team will validate migration results. Target: 2026-07-22.
C01079,2026-01-24 13:30,Platform Team confirmed they will complete dashboard testing for the analytics dashboard.
C01080,2026-02-08 09:15,Reminder: verify model outputs should be completed by 2026-02-14.
C01081,2026-06-11 15:30,Agreed in the meeting: Platform Team will update project documentation. Target: 2026-06-13.
C01082,2026-03-18 09:15,Agreed in the meeting: Project Team will verify model outputs. Target: 2026-03-27.
C01083,2026-07-05 10:15,Agreed in the meeting: Consulting Team will complete dashboard testing. Target: 2026-07-07.
C01084,2026-05-30 12:45,QA Team confirmed they will complete dashboard testing for the analytics dashboard.
C01085,2026-01-24 11:00,Agreed in the meeting: Migration Team will complete ETL integration. Target: 2026-02-06.
C01086,2026-04-01 16:30,Decision: complete API integration for the client platform. Documentation Team owns the task and the deadline is 2026-04-04.
C01087,2026-03-14 16:30,Agreed in the meeting: Analytics Team will complete security review. Target: 2026-03-23.
C01088,2026-03-25 13:45,Decision: validate migration results for the reporting pipeline. Data Engineering Team owns the task and the deadline is 2026-04-13.
C01089,2026-09-02 10:15,Consulting Team confirmed they will prepare release checklist for the deployment.
C01090,2026-07-25 17:30,Agreed in the meeting: Platform Team will validate migration results. Target: 2026-08-02.
C01091,2026-06-03 15:15,Reminder: validate new metrics should be completed by 2026-06-22.
C01092,2026-01-23 11:45,Decision: complete dashboard testing for the analytics dashboard. QA Team owns the task and the deadline is 2026-01-29.
C01093,2026-07-16 10:15,Decision: complete security review for the production deployment. Data Engineering Team owns the task and the deadline is 2026-08-06.
C01094,2026-08-15 12:00,QA Team confirmed they will complete ETL integration for the dashboard.
C01095,2026-06-01 13:00,Decision: complete API integration for the client platform. Security Team owns the task and the deadline is 2026-06-19.
C01096,2026-05-23 17:00,Documentation Team confirmed they will validate new metrics for the reporting.
C01097,2026-07-27 14:15,Decision: validate migration results for the reporting pipeline. QA Team owns the task and the deadline is 2026-08-16.
C01098,2026-06-23 09:15,Agreed in the meeting: Analytics Team will verify model outputs. Target: 2026-07-01.
C01099,2026-03-24 15:15,Agreed in the meeting: Analytics Team will prepare data quality report. Target: 2026-03-30.
C01100,2026-07-14 15:45,Decision: complete ETL integration for the dashboard. Platform Team owns the task and the deadline is 2026-07-25.
C01101,2026-08-22 16:00,Decision: verify model outputs for the analytics model. Data Engineering Team owns the task and the deadline is 2026-08-30.
C01102,2026-06-08 10:45,Migration next week is only a possibility. Client confirmation is still pending.
C01103,2026-01-29 12:15,Security Team confirmed they will complete ETL integration for the dashboard.
C01104,2026-09-01 13:30,Decision: complete ETL integration for the dashboard. Operations Team owns the task and the deadline is 2026-09-18.
C01105,2026-03-07 17:45,Reminder: finalize deployment plan should be completed by 2026-03-10.
C01106,2026-04-27 14:15,Agreed in the meeting: Project Team will prepare release checklist. Target: 2026-05-13.
C01107,2026-02-27 10:45,Decision: validate migration results for the reporting pipeline. QA Team owns the task and the deadline is 2026-03-13.
C01108,2026-08-02 12:45,Decision: prepare release checklist for the deployment. Migration Team owns the task and the deadline is 2026-08-06.
C01109,2026-06-16 09:30,Reminder: complete ETL integration should be completed by 2026-06-24.
C01110,2026-08-09 12:00,Decision: validate new metrics for the reporting. Operations Team owns the task and the deadline is 2026-08-25.
C01111,2026-01-04 14:30,Reminder: complete API integration should be completed by 2026-01-18.
C01112,2026-06-25 12:15,Decision: update project documentation for the client demo. QA Team owns the task and the deadline is 2026-07-11.
C01113,2026-01-08 16:00,Decision: review client requirements for the project scope. Project Team owns the task and the deadline is 2026-01-10.
C01114,2026-05-29 16:00,Reminder: verify model outputs should be completed by 2026-06-01.
C01115,2026-02-20 12:15,Decision: complete dashboard testing for the analytics dashboard. QA Team owns the task and the deadline is 2026-02-28.
C01116,2026-07-24 15:30,Migration Team confirmed they will prepare data quality report for the data pipeline.
C01117,2026-08-14 17:15,Agreed in the meeting: Documentation Team will verify model outputs. Target: 2026-08-21.
C01118,2026-04-30 14:00,Agreed in the meeting: Documentation Team will prepare data quality report. Target: 2026-05-07.
C01119,2026-05-15 14:15,Project Team confirmed they will review client requirements for the project scope.
C01120,2026-04-02 14:00,Reminder: complete API integration should be completed by 2026-04-07.
C01121,2026-07-20 09:15,Agreed in the meeting: Consulting Team will review client requirements. Target: 2026-07-27.
C01122,2026-04-20 16:15,Agreed in the meeting: Migration Team will prepare release checklist. Target: 2026-05-07.
C01123,2026-04-12 12:15,Decision: review client requirements for the project scope. QA Team owns the task and the deadline is 2026-04-14.
C01124,2026-03-08 12:45,Consulting Team confirmed they will prepare data quality report for the data pipeline.
C01125,2026-04-16 15:30,Migration Team confirmed they will validate new metrics for the reporting.
C01126,2026-01-26 15:15,Decision: validate migration results for the reporting pipeline. Platform Team owns the task and the deadline is 2026-02-01.
C01127,2026-04-13 12:00,Agreed in the meeting: Platform Team will finalize deployment plan. Target: 2026-04-26.
C01128,2026-05-28 16:45,Operations Team confirmed they will complete ETL integration for the dashboard.
C01129,2026-04-02 17:30,Decision: review client requirements for the project scope. Data Engineering Team owns the task and the deadline is 2026-04-07.
C01130,2026-07-11 13:30,Agreed in the meeting: Analytics Team will finalize deployment plan. Target: 2026-07-27.
C01131,2026-05-20 10:30,Migration next week is only a possibility. Client confirmation is still pending.
C01132,2026-01-19 15:45,Reminder: validate migration results should be completed by 2026-01-30.
C01133,2026-08-23 09:15,Agreed in the meeting: Operations Team will validate migration results. Target: 2026-08-27.
C01134,2026-04-13 09:30,Reminder: finalize deployment plan should be completed by 2026-04-23.
C01135,2026-09-06 14:30,Agreed in the meeting: Security Team will prepare release checklist. Target: 2026-09-20.
C01136,2026-04-08 17:30,Decision: prepare data quality report for the data pipeline. QA Team owns the task and the deadline is 2026-04-24.
C01137,2026-03-10 09:15,Consulting Team confirmed they will verify model outputs for the analytics model.
C01138,2026-03-13 14:30,Decision: validate new metrics for the reporting. Operations Team owns the task and the deadline is 2026-03-15.
C01139,2026-03-01 09:00,Agreed in the meeting: Analytics Team will complete API integration. Target: 2026-03-16.
C01140,2026-02-08 16:15,Reminder: review client requirements should be completed by 2026-02-22.
C01141,2026-08-21 13:15,Agreed in the meeting: Analytics Team will verify model outputs. Target: 2026-09-06.
C01142,2026-04-10 17:15,Migration Team confirmed they will finalize deployment plan for the release.
C01143,2026-08-03 16:00,Decision: update project documentation for the client demo. Documentation Team owns the task and the deadline is 2026-08-13.
C01144,2026-07-19 10:45,Decision: complete ETL integration for the dashboard. Project Team owns the task and the deadline is 2026-08-07.
C01145,2026-01-18 12:45,Consulting Team confirmed they will complete ETL integration for the dashboard.
C01146,2026-07-28 17:30,Reminder: complete dashboard testing should be completed by 2026-08-05.
C01147,2026-07-28 16:00,Agreed in the meeting: Data Engineering Team will prepare release checklist. Target: 2026-08-12.
C01148,2026-07-27 16:30,Documentation Team confirmed they will finalize deployment plan for the release.
C01149,2026-07-27 11:30,Reminder: complete dashboard testing should be completed by 2026-08-17.
C01150,2026-04-20 14:30,Security Team confirmed they will validate migration results for the reporting pipeline.
C01151,2026-08-05 15:15,Decision: finalize deployment plan for the release. Platform Team owns the task and the deadline is 2026-08-12.
C01152,2026-09-05 09:00,Reminder: prepare release checklist should be completed by 2026-09-09.
C01153,2026-02-22 13:30,Platform Team confirmed they will complete API integration for the client platform.
C01154,2026-05-30 11:15,Reminder: verify model outputs should be completed by 2026-06-04.
C01155,2026-07-02 12:15,Reminder: validate new metrics should be completed by 2026-07-12.
C01156,2026-07-03 10:00,Decision: validate migration results for the reporting pipeline. Data Engineering Team owns the task and the deadline is 2026-07-19.
C01157,2026-04-30 17:00,Security Team confirmed they will verify model outputs for the analytics model.
C01158,2026-06-12 14:45,Decision: validate migration results for the reporting pipeline. Operations Team owns the task and the deadline is 2026-06-21.
C01159,2026-08-08 13:30,Migration Team confirmed they will complete dashboard testing for the analytics dashboard.
C01160,2026-02-14 12:30,Migration next week is only a possibility. Client confirmation is still pending.
C01161,2026-06-13 12:45,Reminder: verify model outputs should be completed by 2026-07-02.
C01162,2026-07-02 14:45,Decision: complete API integration for the client platform. Platform Team owns the task and the deadline is 2026-07-21.
C01163,2026-06-18 12:00,Reminder: validate new metrics should be completed by 2026-06-30.
C01164,2026-03-12 16:45,Agreed in the meeting: Analytics Team will validate migration results. Target: 2026-03-24.
C01165,2026-08-15 10:45,Data Engineering Team confirmed they will verify model outputs for the analytics model.
C01166,2026-01-19 09:45,Reminder: validate migration results should be completed by 2026-01-24.
C01167,2026-01-31 10:30,Reminder: complete dashboard testing should be completed by 2026-02-10.
C01168,2026-07-02 10:00,Decision: review client requirements for the project scope. Documentation Team owns the task and the deadline is 2026-07-11.
C01169,2026-07-14 16:30,Reminder: complete security review should be completed by 2026-07-25.
C01170,2026-02-24 17:30,Reminder: update project documentation should be completed by 2026-03-13.
C01171,2026-09-06 13:45,Reminder: complete ETL integration should be completed by 2026-09-09.
C01172,2026-05-24 17:00,Agreed in the meeting: Security Team will finalize deployment plan. Target: 2026-06-02.
C01173,2026-03-27 10:15,Decision: verify model outputs for the analytics model. Analytics Team owns the task and the deadline is 2026-04-15.
C01174,2026-05-21 11:15,Decision: prepare data quality report for the data pipeline. Operations Team owns the task and the deadline is 2026-06-10.
C01175,2026-06-07 15:45,Agreed in the meeting: Operations Team will prepare release checklist. Target: 2026-06-09.
C01176,2026-05-19 15:30,QA Team confirmed they will review client requirements for the project scope.
C01177,2026-04-28 10:45,Agreed in the meeting: Consulting Team will validate new metrics. Target: 2026-05-16.
C01178,2026-09-07 10:00,Decision: update project documentation for the client demo. Data Engineering Team owns the task and the deadline is 2026-09-24.
C01179,2026-08-01 09:45,Decision: update project documentation for the client demo. Data Engineering Team owns the task and the deadline is 2026-08-18.
C01180,2026-05-16 17:45,Agreed in the meeting: Operations Team will complete API integration. Target: 2026-05-25.
C01181,2026-01-10 16:00,Documentation Team confirmed they will review client requirements for the project scope.
C01182,2026-05-10 13:15,Reminder: prepare data quality report should be completed by 2026-05-21.
C01183,2026-08-10 15:15,Decision: validate new metrics for the reporting. Documentation Team owns the task and the deadline is 2026-08-23.
C01184,2026-08-07 16:30,Consulting Team confirmed they will finalize deployment plan for the release.
C01185,2026-04-24 11:45,Platform Team confirmed they will validate new metrics for the reporting.
C01186,2026-01-23 17:15,Migration Team confirmed they will validate migration results for the reporting pipeline.
C01187,2026-05-08 16:30,Data Engineering Team confirmed they will complete ETL integration for the dashboard.
C01188,2026-03-27 11:15,Agreed in the meeting: Data Engineering Team will complete security review. Target: 2026-04-11.
C01189,2026-04-12 12:00,Migration next week is only a possibility. Client confirmation is still pending.
C01190,2026-03-30 11:30,Decision: update project documentation for the client demo. Platform Team owns the task and the deadline is 2026-04-08.
C01191,2026-06-06 09:45,Agreed in the meeting: Consulting Team will complete ETL integration. Target: 2026-06-20.
C01192,2026-03-27 10:45,Agreed in the meeting: Migration Team will finalize deployment plan. Target: 2026-04-02.
C01193,2026-03-11 16:45,Agreed in the meeting: Platform Team will finalize deployment plan. Target: 2026-03-16.
C01194,2026-03-29 17:15,Decision: verify model outputs for the analytics model. Platform Team owns the task and the deadline is 2026-04-18.
C01195,2026-01-16 14:15,Agreed in the meeting: Operations Team will prepare release checklist. Target: 2026-01-31.
C01196,2026-02-19 11:45,Operations Team confirmed they will update project documentation for the client demo.
C01197,2026-02-03 11:30,Agreed in the meeting: Operations Team will complete security review. Target: 2026-02-21.
C01198,2026-04-30 11:15,Agreed in the meeting: Platform Team will verify model outputs. Target: 2026-05-07.
C01199,2026-03-28 12:00,Reminder: update project documentation should be completed by 2026-04-06.
C01200,2026-07-31 09:00,Migration Team confirmed they will prepare release checklist for the deployment.
C01201,2026-02-06 12:30,Decision: update project documentation for the client demo. Data Engineering Team owns the task and the deadline is 2026-02-22.
C01202,2026-03-10 12:15,Agreed in the meeting: QA Team will update project documentation. Target: 2026-03-15.
C01203,2026-05-17 13:30,Agreed in the meeting: Operations Team will verify model outputs. Target: 2026-05-21.
C01204,2026-04-03 16:00,Reminder: prepare data quality report should be completed by 2026-04-12.
C01205,2026-01-26 17:30,Reminder: prepare data quality report should be completed by 2026-02-10.
C01206,2026-05-19 09:45,Consulting Team confirmed they will finalize deployment plan for the release.
C01207,2026-03-19 11:00,Agreed in the meeting: Project Team will prepare data quality report. Target: 2026-04-07.
C01208,2026-04-29 11:45,Agreed in the meeting: Consulting Team will complete ETL integration. Target: 2026-05-11.
C01209,2026-07-02 11:45,Reminder: verify model outputs should be completed by 2026-07-23.
C01210,2026-05-14 17:30,Agreed in the meeting: Documentation Team will update project documentation. Target: 2026-05-24.
C01211,2026-05-15 17:15,Reminder: complete ETL integration should be completed by 2026-05-24.
C01212,2026-06-07 16:15,Decision: validate migration results for the reporting pipeline. QA Team owns the task and the deadline is 2026-06-20.
C01213,2026-03-02 11:00,Reminder: review client requirements should be completed by 2026-03-15.
C01214,2026-09-04 14:30,Agreed in the meeting: Analytics Team will verify model outputs. Target: 2026-09-06.
C01215,2026-03-26 09:45,Reminder: validate new metrics should be completed by 2026-04-13.
C01216,2026-06-13 09:45,Reminder: update project documentation should be completed by 2026-06-24.
C01217,2026-04-17 16:00,Reminder: complete API integration should be completed by 2026-05-07.
C01218,2026-03-05 11:30,Migration next week is only a possibility. Client confirmation is still pending.
C01219,2026-05-16 14:15,Reminder: complete security review should be completed by 2026-06-02.
C01220,2026-02-13 11:00,Reminder: finalize deployment plan should be completed by 2026-03-05.
C01221,2026-03-03 16:30,Agreed in the meeting: QA Team will complete API integration. Target: 2026-03-18.
C01222,2026-06-02 13:30,Agreed in the meeting: Documentation Team will complete dashboard testing. Target: 2026-06-04.
C01223,2026-05-23 14:30,Reminder: validate new metrics should be completed by 2026-06-05.
C01224,2026-07-19 14:15,Reminder: prepare data quality report should be completed by 2026-07-22.
C01225,2026-02-25 09:00,Decision: prepare release checklist for the deployment. Security Team owns the task and the deadline is 2026-03-01.
C01226,2026-06-19 11:45,Agreed in the meeting: QA Team will validate new metrics. Target: 2026-07-03.
C01227,2026-06-24 11:30,Agreed in the meeting: Operations Team will verify model outputs. Target: 2026-07-10.
C01228,2026-07-04 11:15,Reminder: complete dashboard testing should be completed by 2026-07-22.
C01229,2026-03-10 12:00,Decision: verify model outputs for the analytics model. Operations Team owns the task and the deadline is 2026-03-24.
C01230,2026-07-24 10:00,Data Engineering Team confirmed they will complete API integration for the client platform.
C01231,2026-05-21 17:45,Reminder: prepare release checklist should be completed by 2026-05-23.
C01232,2026-02-23 11:45,Agreed in the meeting: Consulting Team will complete dashboard testing. Target: 2026-03-11.
C01233,2026-06-20 16:30,Decision: finalize deployment plan for the release. Documentation Team owns the task and the deadline is 2026-06-30.
C01234,2026-05-04 15:00,Agreed in the meeting: Documentation Team will verify model outputs. Target: 2026-05-06.
C01235,2026-05-07 10:45,Decision: prepare release checklist for the deployment. Consulting Team owns the task and the deadline is 2026-05-20.
C01236,2026-01-04 13:30,Reminder: update project documentation should be completed by 2026-01-14.
C01237,2026-04-22 13:30,Reminder: update project documentation should be completed by 2026-05-01.
C01238,2026-07-16 17:00,Decision: complete security review for the production deployment. Project Team owns the task and the deadline is 2026-08-03.
C01239,2026-06-18 14:45,Agreed in the meeting: Operations Team will finalize deployment plan. Target: 2026-06-22.
C01240,2026-04-24 17:30,Agreed in the meeting: Platform Team will prepare data quality report. Target: 2026-04-28.
C01241,2026-09-08 16:30,Decision: complete dashboard testing for the analytics dashboard. QA Team owns the task and the deadline is 2026-09-21.
C01242,2026-06-05 15:30,Decision: update project documentation for the client demo. Documentation Team owns the task and the deadline is 2026-06-23.
C01243,2026-04-12 11:30,Decision: complete security review for the production deployment. Data Engineering Team owns the task and the deadline is 2026-04-21.
C01244,2026-05-11 15:30,Operations Team confirmed they will complete API integration for the client platform.
C01245,2026-08-27 12:30,Reminder: finalize deployment plan should be completed by 2026-09-06.
C01246,2026-06-02 14:15,Analytics Team confirmed they will complete security review for the production deployment.
C01247,2026-04-10 09:15,Migration next week is only a possibility. Client confirmation is still pending.
C01248,2026-05-14 17:00,Reminder: finalize deployment plan should be completed by 2026-05-25.
C01249,2026-06-09 13:45,Decision: complete ETL integration for the dashboard. Operations Team owns the task and the deadline is 2026-06-20.
C01250,2026-02-24 16:45,Reminder: prepare data quality report should be completed by 2026-03-06.
C01251,2026-04-21 10:00,Agreed in the meeting: Operations Team will validate migration results. Target: 2026-04-28.
C01252,2026-01-30 14:00,Reminder: prepare release checklist should be completed by 2026-02-19.
C01253,2026-06-28 14:30,Decision: validate new metrics for the reporting. Migration Team owns the task and the deadline is 2026-07-16.
C01254,2026-06-13 09:00,Agreed in the meeting: Consulting Team will validate migration results. Target: 2026-06-25.
C01255,2026-02-25 12:30,Reminder: review client requirements should be completed by 2026-03-12.
C01256,2026-01-01 10:15,Decision: finalize deployment plan for the release. Migration Team owns the task and the deadline is 2026-01-13.
C01257,2026-07-16 09:15,Agreed in the meeting: Documentation Team will finalize deployment plan. Target: 2026-08-02.
C01258,2026-07-22 17:00,Agreed in the meeting: Analytics Team will complete ETL integration. Target: 2026-07-26.
C01259,2026-08-08 13:30,Decision: validate migration results for the reporting pipeline. Platform Team owns the task and the deadline is 2026-08-27.
C01260,2026-08-22 14:00,Operations Team confirmed they will prepare release checklist for the deployment.
C01261,2026-06-05 10:15,Decision: verify model outputs for the analytics model. Operations Team owns the task and the deadline is 2026-06-18.
C01262,2026-08-13 14:30,Agreed in the meeting: Analytics Team will complete API integration. Target: 2026-08-18.
C01263,2026-08-02 15:45,Reminder: review client requirements should be completed by 2026-08-17.
C01264,2026-01-20 16:00,Agreed in the meeting: Migration Team will complete ETL integration. Target: 2026-01-31.
C01265,2026-06-02 12:15,Decision: prepare release checklist for the deployment. Migration Team owns the task and the deadline is 2026-06-15.
C01266,2026-05-06 10:45,Agreed in the meeting: Analytics Team will complete security review. Target: 2026-05-26.
C01267,2026-02-23 11:00,QA Team confirmed they will complete dashboard testing for the analytics dashboard.
C01268,2026-02-11 11:00,Decision: complete dashboard testing for the analytics dashboard. Documentation Team owns the task and the deadline is 2026-02-14.
C01269,2026-08-30 12:45,Analytics Team confirmed they will prepare data quality report for the data pipeline.
C01270,2026-05-14 17:30,Operations Team confirmed they will complete security review for the production deployment.
C01271,2026-05-19 09:45,Agreed in the meeting: Operations Team will validate migration results. Target: 2026-05-23.
C01272,2026-08-20 15:15,Decision: verify model outputs for the analytics model. Data Engineering Team owns the task and the deadline is 2026-08-29.
C01273,2026-04-10 14:00,Decision: finalize deployment plan for the release. Operations Team owns the task and the deadline is 2026-04-27.
C01274,2026-02-13 10:00,Decision: validate new metrics for the reporting. Migration Team owns the task and the deadline is 2026-02-16.
C01275,2026-05-19 10:00,Agreed in the meeting: Security Team will verify model outputs. Target: 2026-05-28.
C01276,2026-02-20 09:15,Migration next week is only a possibility. Client confirmation is still pending.
C01277,2026-05-29 11:00,Decision: complete security review for the production deployment. Operations Team owns the task and the deadline is 2026-06-07.
C01278,2026-07-22 13:30,Decision: validate new metrics for the reporting. Documentation Team owns the task and the deadline is 2026-08-10.
C01279,2026-08-05 09:45,Decision: complete API integration for the client platform. Analytics Team owns the task and the deadline is 2026-08-19.
C01280,2026-09-05 13:30,Decision: finalize deployment plan for the release. Data Engineering Team owns the task and the deadline is 2026-09-12.
C01281,2026-01-17 11:00,Decision: validate new metrics for the reporting. QA Team owns the task and the deadline is 2026-01-19.
C01282,2026-04-14 13:00,Migration Team confirmed they will complete ETL integration for the dashboard.
C01283,2026-07-11 15:00,Reminder: prepare release checklist should be completed by 2026-07-15.
C01284,2026-08-21 10:30,Data Engineering Team confirmed they will review client requirements for the project scope.
C01285,2026-04-19 14:30,Decision: complete API integration for the client platform. Consulting Team owns the task and the deadline is 2026-05-02.
C01286,2026-07-29 15:00,Decision: verify model outputs for the analytics model. Documentation Team owns the task and the deadline is 2026-08-10.
C01287,2026-04-16 11:45,Reminder: finalize deployment plan should be completed by 2026-04-30.
C01288,2026-06-02 17:15,Documentation Team confirmed they will verify model outputs for the analytics model.
C01289,2026-05-27 09:45,Consulting Team confirmed they will complete security review for the production deployment.
C01290,2026-01-21 13:15,Documentation Team confirmed they will verify model outputs for the analytics model.
C01291,2026-06-08 14:45,Platform Team confirmed they will validate new metrics for the reporting.
C01292,2026-08-06 12:30,Decision: validate new metrics for the reporting. Platform Team owns the task and the deadline is 2026-08-20.
C01293,2026-08-13 14:15,Data Engineering Team confirmed they will validate migration results for the reporting pipeline.
C01294,2026-05-07 11:45,Reminder: prepare data quality report should be completed by 2026-05-18.
C01295,2026-08-16 17:30,Reminder: complete ETL integration should be completed by 2026-08-22.
C01296,2026-02-03 16:45,Reminder: validate migration results should be completed by 2026-02-17.
C01297,2026-02-05 17:45,Operations Team confirmed they will complete ETL integration for the dashboard.
C01298,2026-06-02 17:15,Reminder: validate new metrics should be completed by 2026-06-21.
C01299,2026-05-04 09:00,Agreed in the meeting: Operations Team will finalize deployment plan. Target: 2026-05-18.
C01300,2026-08-03 16:45,Decision: complete ETL integration for the dashboard. Consulting Team owns the task and the deadline is 2026-08-10.
C01301,2026-08-18 14:45,Agreed in the meeting: Security Team will update project documentation. Target: 2026-08-22.
C01302,2026-03-24 11:30,Agreed in the meeting: Security Team will update project documentation. Target: 2026-04-05.
C01303,2026-03-29 15:00,Data Engineering Team confirmed they will review client requirements for the project scope.
C01304,2026-06-03 15:00,Platform Team confirmed they will complete security review for the production deployment.
C01305,2026-09-02 09:30,Migration next week is only a possibility. Client confirmation is still pending.
C01306,2026-03-26 12:00,QA Team confirmed they will prepare release checklist for the deployment.
C01307,2026-04-06 15:00,Agreed in the meeting: Project Team will complete API integration. Target: 2026-04-27.
C01308,2026-03-15 11:15,Decision: complete security review for the production deployment. Security Team owns the task and the deadline is 2026-03-20.
C01309,2026-06-04 10:15,Agreed in the meeting: Documentation Team will complete dashboard testing. Target: 2026-06-14.
C01310,2026-07-05 10:30,Reminder: complete dashboard testing should be completed by 2026-07-07.
C01311,2026-05-12 12:30,Reminder: verify model outputs should be completed by 2026-05-28.
C01312,2026-06-01 17:15,Decision: complete ETL integration for the dashboard. Consulting Team owns the task and the deadline is 2026-06-07.
C01313,2026-08-26 10:45,Decision: complete security review for the production deployment. Migration Team owns the task and the deadline is 2026-09-04.
C01314,2026-02-25 16:00,Decision: validate migration results for the reporting pipeline. Migration Team owns the task and the deadline is 2026-02-27.
C01315,2026-07-25 15:15,Consulting Team confirmed they will complete security review for the production deployment.
C01316,2026-04-29 17:45,QA Team confirmed they will verify model outputs for the analytics model.
C01317,2026-05-10 16:45,Reminder: finalize deployment plan should be completed by 2026-05-16.
C01318,2026-02-24 13:15,Agreed in the meeting: QA Team will prepare release checklist. Target: 2026-03-13.
C01319,2026-03-22 13:30,Agreed in the meeting: Security Team will complete security review. Target: 2026-04-03.
C01320,2026-03-25 10:00,Agreed in the meeting: Platform Team will review client requirements. Target: 2026-04-13.
C01321,2026-05-22 09:30,Data Engineering Team confirmed they will update project documentation for the client demo.
C01322,2026-04-04 12:15,Decision: prepare data quality report for the data pipeline. Migration Team owns the task and the deadline is 2026-04-11.
C01323,2026-03-09 16:45,Reminder: validate new metrics should be completed by 2026-03-23.
C01324,2026-07-01 09:15,Migration Team confirmed they will review client requirements for the project scope.
C01325,2026-03-24 17:45,Decision: prepare release checklist for the deployment. Analytics Team owns the task and the deadline is 2026-03-30.
C01326,2026-06-10 16:30,Reminder: validate migration results should be completed by 2026-06-18.
C01327,2026-05-23 14:15,Reminder: finalize deployment plan should be completed by 2026-05-29.
C01328,2026-02-02 10:00,Platform Team confirmed they will complete dashboard testing for the analytics dashboard.
C01329,2026-07-22 13:15,Decision: verify model outputs for the analytics model. Data Engineering Team owns the task and the deadline is 2026-07-27.
C01330,2026-07-26 15:00,Agreed in the meeting: Consulting Team will complete dashboard testing. Target: 2026-08-08.
C01331,2026-06-01 15:30,Project Team confirmed they will prepare release checklist for the deployment.
C01332,2026-03-11 12:15,Reminder: complete API integration should be completed by 2026-04-01.
C01333,2026-01-25 10:30,QA Team confirmed they will update project documentation for the client demo.
C01334,2026-07-21 16:15,Migration next week is only a possibility. Client confirmation is still pending.
C01335,2026-01-08 10:00,Data Engineering Team confirmed they will prepare release checklist for the deployment.
C01336,2026-02-27 13:30,Documentation Team confirmed they will complete API integration for the client platform.
C01337,2026-07-09 17:30,Decision: prepare release checklist for the deployment. Migration Team owns the task and the deadline is 2026-07-24.
C01338,2026-07-07 17:00,Decision: review client requirements for the project scope. Platform Team owns the task and the deadline is 2026-07-21.
C01339,2026-08-31 11:00,Agreed in the meeting: Project Team will complete API integration. Target: 2026-09-20.
C01340,2026-05-08 13:15,Agreed in the meeting: Platform Team will validate new metrics. Target: 2026-05-17.
C01341,2026-05-06 13:00,Agreed in the meeting: QA Team will update project documentation. Target: 2026-05-11.
C01342,2026-02-12 11:15,Decision: finalize deployment plan for the release. Documentation Team owns the task and the deadline is 2026-02-22.
C01343,2026-08-26 16:00,Decision: prepare data quality report for the data pipeline. Consulting Team owns the task and the deadline is 2026-09-03.
C01344,2026-03-21 17:15,Operations Team confirmed they will review client requirements for the project scope.
C01345,2026-04-28 16:45,Decision: complete ETL integration for the dashboard. Consulting Team owns the task and the deadline is 2026-05-14.
C01346,2026-02-26 15:45,Decision: finalize deployment plan for the release. Operations Team owns the task and the deadline is 2026-03-12.
C01347,2026-01-01 16:45,Agreed in the meeting: Security Team will complete security review. Target: 2026-01-20.
C01348,2026-01-31 11:15,Reminder: complete API integration should be completed by 2026-02-08.
C01349,2026-08-10 17:15,Reminder: review client requirements should be completed by 2026-08-20.
C01350,2026-02-04 15:30,Agreed in the meeting: QA Team will complete API integration. Target: 2026-02-12.
C01351,2026-08-06 09:30,Reminder: verify model outputs should be completed by 2026-08-26.
C01352,2026-05-26 11:00,Decision: validate new metrics for the reporting. Operations Team owns the task and the deadline is 2026-06-09.
C01353,2026-08-16 13:30,Agreed in the meeting: QA Team will validate migration results. Target: 2026-08-23.
C01354,2026-03-06 13:15,Decision: review client requirements for the project scope. Project Team owns the task and the deadline is 2026-03-16.
C01355,2026-01-29 17:30,Agreed in the meeting: Operations Team will finalize deployment plan. Target: 2026-02-03.
C01356,2026-09-05 13:15,Agreed in the meeting: Analytics Team will complete ETL integration. Target: 2026-09-19.
C01357,2026-04-30 17:00,Platform Team confirmed they will prepare release checklist for the deployment.
C01358,2026-05-24 12:45,Decision: verify model outputs for the analytics model. Consulting Team owns the task and the deadline is 2026-06-11.
C01359,2026-01-22 15:30,Documentation Team confirmed they will finalize deployment plan for the release.
C01360,2026-05-27 13:15,Reminder: complete API integration should be completed by 2026-06-05.
C01361,2026-05-27 12:00,Reminder: validate new metrics should be completed by 2026-06-04.
C01362,2026-03-28 16:15,Reminder: validate new metrics should be completed by 2026-04-13.
C01363,2026-05-14 16:45,Migration next week is only a possibility. Client confirmation is still pending.
C01364,2026-04-03 17:45,Decision: update project documentation for the client demo. Analytics Team owns the task and the deadline is 2026-04-14.
C01365,2026-05-05 13:00,Decision: finalize deployment plan for the release. Documentation Team owns the task and the deadline is 2026-05-14.
C01366,2026-09-03 17:30,Agreed in the meeting: Security Team will validate new metrics. Target: 2026-09-20.
C01367,2026-02-19 12:00,Platform Team confirmed they will validate new metrics for the reporting.
C01368,2026-08-10 09:00,Agreed in the meeting: Analytics Team will validate migration results. Target: 2026-08-14.
C01369,2026-06-06 10:30,Consulting Team confirmed they will review client requirements for the project scope.
C01370,2026-03-14 11:15,Agreed in the meeting: Operations Team will complete dashboard testing. Target: 2026-03-31.
C01371,2026-07-14 10:30,Decision: complete API integration for the client platform. Documentation Team owns the task and the deadline is 2026-07-16.
C01372,2026-01-01 17:45,Reminder: validate new metrics should be completed by 2026-01-11.
C01373,2026-06-30 09:30,Documentation Team confirmed they will complete API integration for the client platform.
C01374,2026-08-20 16:15,Reminder: verify model outputs should be completed by 2026-08-22.
C01375,2026-04-27 15:45,Agreed in the meeting: QA Team will validate new metrics. Target: 2026-05-13.
C01376,2026-09-08 09:45,Agreed in the meeting: Analytics Team will complete ETL integration. Target: 2026-09-15.
C01377,2026-04-28 11:45,Decision: update project documentation for the client demo. Consulting Team owns the task and the deadline is 2026-05-05.
C01378,2026-04-04 17:45,Agreed in the meeting: Documentation Team will complete API integration. Target: 2026-04-20.
C01379,2026-08-18 13:30,Documentation Team confirmed they will prepare data quality report for the data pipeline.
C01380,2026-04-03 16:15,Decision: prepare data quality report for the data pipeline. Security Team owns the task and the deadline is 2026-04-19.
C01381,2026-01-31 10:30,Decision: verify model outputs for the analytics model. Consulting Team owns the task and the deadline is 2026-02-21.
C01382,2026-08-02 16:45,Reminder: verify model outputs should be completed by 2026-08-09.
C01383,2026-01-02 15:30,Reminder: review client requirements should be completed by 2026-01-21.
C01384,2026-07-13 10:00,Reminder: finalize deployment plan should be completed by 2026-08-03.
C01385,2026-02-21 14:45,Agreed in the meeting: Platform Team will complete API integration. Target: 2026-03-04.
C01386,2026-08-31 12:45,Decision: complete dashboard testing for the analytics dashboard. Consulting Team owns the task and the deadline is 2026-09-17.
C01387,2026-02-13 15:15,Reminder: prepare data quality report should be completed by 2026-02-27.
C01388,2026-06-18 15:30,Documentation Team confirmed they will validate new metrics for the reporting.
C01389,2026-05-13 16:45,Operations Team confirmed they will complete API integration for the client platform.
C01390,2026-09-06 16:00,Project Team confirmed they will finalize deployment plan for the release.
C01391,2026-08-07 16:30,Agreed in the meeting: Project Team will verify model outputs. Target: 2026-08-10.
C01392,2026-03-06 09:30,Migration next week is only a possibility. Client confirmation is still pending.
C01393,2026-06-03 09:30,Migration Team confirmed they will complete API integration for the client platform.
C01394,2026-08-13 12:30,Reminder: complete ETL integration should be completed by 2026-08-22.
C01395,2026-07-26 14:30,Decision: complete ETL integration for the dashboard. Migration Team owns the task and the deadline is 2026-08-12.
C01396,2026-04-06 12:15,QA Team confirmed they will prepare release checklist for the deployment.
C01397,2026-08-25 15:15,Decision: prepare release checklist for the deployment. Security Team owns the task and the deadline is 2026-09-15.
C01398,2026-03-05 15:45,Decision: prepare release checklist for the deployment. Consulting Team owns the task and the deadline is 2026-03-23.
C01399,2026-06-28 13:00,Agreed in the meeting: Platform Team will update project documentation. Target: 2026-07-14.
C01400,2026-01-15 13:00,Agreed in the meeting: Project Team will complete ETL integration. Target: 2026-01-29.
C01401,2026-02-15 13:00,Agreed in the meeting: Project Team will validate migration results. Target: 2026-02-18.
C01402,2026-04-15 14:15,Reminder: prepare data quality report should be completed by 2026-05-05.
C01403,2026-02-22 12:30,Reminder: prepare data quality report should be completed by 2026-03-04.
C01404,2026-03-10 15:45,Agreed in the meeting: Data Engineering Team will update project documentation. Target: 2026-03-18.
C01405,2026-08-20 16:15,Documentation Team confirmed they will complete API integration for the client platform.
C01406,2026-01-29 14:15,Data Engineering Team confirmed they will prepare release checklist for the deployment.
C01407,2026-07-29 10:00,Reminder: complete ETL integration should be completed by 2026-08-05.
C01408,2026-04-22 09:45,Migration Team confirmed they will validate migration results for the reporting pipeline.
C01409,2026-01-30 15:30,Reminder: complete dashboard testing should be completed by 2026-02-19.
C01410,2026-05-02 16:15,Decision: update project documentation for the client demo. Migration Team owns the task and the deadline is 2026-05-11.
C01411,2026-04-20 10:30,Reminder: update project documentation should be completed by 2026-05-02.
C01412,2026-08-09 14:30,Agreed in the meeting: Platform Team will review client requirements. Target: 2026-08-29.
C01413,2026-08-07 14:00,Reminder: verify model outputs should be completed by 2026-08-14.
C01414,2026-01-09 11:45,Reminder: prepare release checklist should be completed by 2026-01-23.
C01415,2026-03-27 15:45,Decision: prepare data quality report for the data pipeline. Data Engineering Team owns the task and the deadline is 2026-03-31.
C01416,2026-08-30 11:15,Decision: prepare release checklist for the deployment. QA Team owns the task and the deadline is 2026-09-13.
C01417,2026-08-09 12:00,Reminder: update project documentation should be completed by 2026-08-26.
C01418,2026-03-06 14:30,Agreed in the meeting: Analytics Team will prepare release checklist. Target: 2026-03-14.
C01419,2026-05-08 15:45,Decision: finalize deployment plan for the release. Data Engineering Team owns the task and the deadline is 2026-05-26.
C01420,2026-05-06 10:00,Decision: verify model outputs for the analytics model. Operations Team owns the task and the deadline is 2026-05-19.
C01421,2026-08-15 09:45,Migration next week is only a possibility. Client confirmation is still pending.
C01422,2026-09-05 16:15,Reminder: verify model outputs should be completed by 2026-09-16.
C01423,2026-05-16 13:15,Data Engineering Team confirmed they will update project documentation for the client demo.
C01424,2026-04-29 12:45,Decision: verify model outputs for the analytics model. Project Team owns the task and the deadline is 2026-05-10.
C01425,2026-08-11 13:30,Agreed in the meeting: Documentation Team will complete security review. Target: 2026-08-28.
C01426,2026-05-12 09:00,Agreed in the meeting: QA Team will validate migration results. Target: 2026-05-28.
C01427,2026-07-22 15:30,Reminder: prepare release checklist should be completed by 2026-07-26.
C01428,2026-05-07 17:30,Documentation Team confirmed they will review client requirements for the project scope.
C01429,2026-03-10 09:30,Agreed in the meeting: Documentation Team will update project documentation. Target: 2026-03-12.
C01430,2026-02-17 09:45,Project Team confirmed they will validate new metrics for the reporting.
C01431,2026-02-09 15:00,Agreed in the meeting: Analytics Team will prepare release checklist. Target: 2026-02-22.
C01432,2026-02-22 09:15,Reminder: complete API integration should be completed by 2026-03-15.
C01433,2026-04-08 12:15,Agreed in the meeting: Data Engineering Team will complete API integration. Target: 2026-04-15.
C01434,2026-04-02 15:30,Decision: complete ETL integration for the dashboard. Consulting Team owns the task and the deadline is 2026-04-11.
C01435,2026-04-23 10:30,Reminder: complete ETL integration should be completed by 2026-04-30.
C01436,2026-02-23 11:00,Analytics Team confirmed they will complete security review for the production deployment.
C01437,2026-02-25 10:30,Agreed in the meeting: Data Engineering Team will complete ETL integration. Target: 2026-03-08.
C01438,2026-02-21 10:15,Agreed in the meeting: Data Engineering Team will prepare release checklist. Target: 2026-03-07.
C01439,2026-07-26 09:30,Agreed in the meeting: Migration Team will validate migration results. Target: 2026-07-29.
C01440,2026-08-21 09:30,Reminder: review client requirements should be completed by 2026-09-01.
C01441,2026-02-25 17:30,Reminder: prepare data quality report should be completed by 2026-03-18.
C01442,2026-08-15 12:15,Consulting Team confirmed they will prepare release checklist for the deployment.
C01443,2026-03-02 17:00,Agreed in the meeting: Project Team will validate migration results. Target: 2026-03-21.
C01444,2026-05-05 11:15,Migration Team confirmed they will complete security review for the production deployment.
C01445,2026-08-07 11:30,Agreed in the meeting: Analytics Team will review client requirements. Target: 2026-08-19.
C01446,2026-08-11 14:30,Decision: verify model outputs for the analytics model. Platform Team owns the task and the deadline is 2026-08-26.
C01447,2026-03-28 14:00,Decision: complete ETL integration for the dashboard. QA Team owns the task and the deadline is 2026-04-15.
C01448,2026-05-28 15:30,Reminder: complete dashboard testing should be completed by 2026-06-15.
C01449,2026-04-10 10:30,Data Engineering Team confirmed they will prepare release checklist for the deployment.
C01450,2026-05-30 10:30,Migration next week is only a possibility. Client confirmation is still pending.
C01451,2026-06-17 13:30,Decision: prepare release checklist for the deployment. Operations Team owns the task and the deadline is 2026-06-28.
C01452,2026-03-02 14:00,Platform Team confirmed they will validate new metrics for the reporting.
C01453,2026-03-30 14:15,Decision: finalize deployment plan for the release. Project Team owns the task and the deadline is 2026-04-17.
C01454,2026-08-08 09:15,Security Team confirmed they will prepare data quality report for the data pipeline.
C01455,2026-03-18 16:45,Platform Team confirmed they will prepare data quality report for the data pipeline.
C01456,2026-05-28 11:30,Agreed in the meeting: Consulting Team will prepare release checklist. Target: 2026-06-02.
C01457,2026-02-25 17:45,Agreed in the meeting: Security Team will complete dashboard testing. Target: 2026-03-17.
C01458,2026-05-04 16:00,Data Engineering Team confirmed they will prepare data quality report for the data pipeline.
C01459,2026-08-12 14:30,Documentation Team confirmed they will complete dashboard testing for the analytics dashboard.
C01460,2026-05-26 15:45,Reminder: prepare release checklist should be completed by 2026-05-31.
C01461,2026-04-20 11:15,Reminder: finalize deployment plan should be completed by 2026-05-05.
C01462,2026-01-31 11:30,Project Team confirmed they will complete API integration for the client platform.
C01463,2026-08-19 09:15,Platform Team confirmed they will validate new metrics for the reporting.
C01464,2026-06-09 09:45,Agreed in the meeting: Consulting Team will validate migration results. Target: 2026-06-15.
C01465,2026-05-06 11:45,Decision: finalize deployment plan for the release. Operations Team owns the task and the deadline is 2026-05-14.
C01466,2026-08-30 13:30,Analytics Team confirmed they will prepare release checklist for the deployment.
C01467,2026-01-27 16:00,Data Engineering Team confirmed they will finalize deployment plan for the release.
C01468,2026-03-28 17:15,Consulting Team confirmed they will finalize deployment plan for the release.
C01469,2026-08-16 14:45,Agreed in the meeting: Security Team will validate migration results. Target: 2026-08-31.
C01470,2026-02-22 14:45,Decision: validate new metrics for the reporting. Operations Team owns the task and the deadline is 2026-03-12.
C01471,2026-05-24 14:00,Decision: prepare release checklist for the deployment. Consulting Team owns the task and the deadline is 2026-06-13.
C01472,2026-01-08 17:45,Decision: complete dashboard testing for the analytics dashboard. Data Engineering Team owns the task and the deadline is 2026-01-16.
C01473,2026-05-02 10:30,Project Team confirmed they will verify model outputs for the analytics model.
C01474,2026-07-16 11:00,Agreed in the meeting: Documentation Team will prepare data quality report. Target: 2026-08-05.
C01475,2026-02-27 15:45,Decision: complete API integration for the client platform. Data Engineering Team owns the task and the deadline is 2026-03-08.
C01476,2026-06-21 15:00,Migration Team confirmed they will complete API integration for the client platform.
C01477,2026-06-15 09:00,Agreed in the meeting: Data Engineering Team will finalize deployment plan. Target: 2026-06-28.
C01478,2026-06-02 10:00,Agreed in the meeting: Analytics Team will finalize deployment plan. Target: 2026-06-10.
C01479,2026-01-12 11:45,Migration next week is only a possibility. Client confirmation is still pending.
C01480,2026-06-25 12:15,Reminder: validate new metrics should be completed by 2026-07-04.
C01481,2026-05-31 09:15,Reminder: verify model outputs should be completed by 2026-06-09.
C01482,2026-05-13 11:00,Agreed in the meeting: Migration Team will review client requirements. Target: 2026-06-03.
C01483,2026-05-16 13:30,Reminder: review client requirements should be completed by 2026-05-21.
C01484,2026-07-17 16:45,Agreed in the meeting: Operations Team will update project documentation. Target: 2026-07-27.
C01485,2026-07-09 09:15,Agreed in the meeting: Consulting Team will review client requirements. Target: 2026-07-13.
C01486,2026-03-17 11:45,Operations Team confirmed they will complete dashboard testing for the analytics dashboard.
C01487,2026-02-08 15:30,Reminder: complete ETL integration should be completed by 2026-02-18.
C01488,2026-06-15 17:15,Reminder: prepare data quality report should be completed by 2026-07-06.
C01489,2026-04-15 12:45,Decision: verify model outputs for the analytics model. Documentation Team owns the task and the deadline is 2026-04-27.
C01490,2026-06-24 17:45,Agreed in the meeting: Platform Team will complete dashboard testing. Target: 2026-07-04.
C01491,2026-03-21 15:45,Reminder: complete dashboard testing should be completed by 2026-03-31.
C01492,2026-07-28 12:30,QA Team confirmed they will validate migration results for the reporting pipeline.
C01493,2026-07-26 15:45,Agreed in the meeting: Consulting Team will verify model outputs. Target: 2026-08-01.
C01494,2026-06-07 13:00,Decision: verify model outputs for the analytics model. Security Team owns the task and the deadline is 2026-06-21.
C01495,2026-08-05 17:45,Reminder: complete API integration should be completed by 2026-08-19.
C01496,2026-04-18 17:00,Agreed in the meeting: Analytics Team will verify model outputs. Target: 2026-05-07.
C01497,2026-08-03 11:15,QA Team confirmed they will verify model outputs for the analytics model.
C01498,2026-04-09 17:45,Agreed in the meeting: Security Team will complete security review. Target: 2026-04-12.
C01499,2026-04-30 12:15,Platform Team confirmed they will prepare release checklist for the deployment.
C01500,2026-01-14 15:00,Reminder: review client requirements should be completed by 2026-01-29.
C01501,2026-08-24 13:30,Decision: review client requirements for the project scope. Platform Team owns the task and the deadline is 2026-09-02.
C01502,2026-08-26 13:30,Project Team confirmed they will complete API integration for the client platform.
C01503,2026-06-22 16:45,Reminder: prepare data quality report should be completed by 2026-07-10.
C01504,2026-05-24 09:00,Agreed in the meeting: Project Team will finalize deployment plan. Target: 2026-05-28.
C01505,2026-08-23 15:45,Operations Team confirmed they will complete dashboard testing for the analytics dashboard.
C01506,2026-02-24 15:15,Security Team confirmed they will prepare data quality report for the data pipeline.
C01507,2026-04-16 10:30,Operations Team confirmed they will finalize deployment plan for the release.
C01508,2026-07-24 13:15,Migration next week is only a possibility. Client confirmation is still pending.
C01509,2026-01-23 17:45,Decision: complete dashboard testing for the analytics dashboard. Platform Team owns the task and the deadline is 2026-02-08.
C01510,2026-08-10 14:15,Decision: update project documentation for the client demo. Data Engineering Team owns the task and the deadline is 2026-08-22.
C01511,2026-06-11 10:30,Data Engineering Team confirmed they will finalize deployment plan for the release.
C01512,2026-06-10 10:15,QA Team confirmed they will finalize deployment plan for the release.
C01513,2026-01-13 17:00,Agreed in the meeting: Consulting Team will update project documentation. Target: 2026-01-20.
C01514,2026-07-01 17:45,Agreed in the meeting: Operations Team will validate new metrics. Target: 2026-07-09.
C01515,2026-08-07 16:00,Agreed in the meeting: Consulting Team will complete security review. Target: 2026-08-15.
C01516,2026-05-21 10:00,Decision: complete ETL integration for the dashboard. Operations Team owns the task and the deadline is 2026-06-08.
C01517,2026-07-08 16:00,Agreed in the meeting: Data Engineering Team will finalize deployment plan. Target: 2026-07-14.
C01518,2026-06-04 10:30,Reminder: prepare data quality report should be completed by 2026-06-15.
C01519,2026-04-03 09:30,Agreed in the meeting: Security Team will prepare data quality report. Target: 2026-04-05.
C01520,2026-03-31 15:00,Analytics Team confirmed they will complete dashboard testing for the analytics dashboard.
C01521,2026-08-20 17:15,Reminder: complete dashboard testing should be completed by 2026-08-22.
C01522,2026-05-03 14:00,Decision: complete ETL integration for the dashboard. QA Team owns the task and the deadline is 2026-05-18.
C01523,2026-01-03 11:15,Reminder: validate new metrics should be completed by 2026-01-22.
C01524,2026-03-15 14:15,Reminder: validate migration results should be completed by 2026-03-26.
C01525,2026-03-03 11:00,Agreed in the meeting: Consulting Team will update project documentation. Target: 2026-03-07.
C01526,2026-04-24 13:15,Reminder: complete security review should be completed by 2026-05-09.
C01527,2026-04-16 14:45,Agreed in the meeting: Data Engineering Team will complete security review. Target: 2026-04-25.
C01528,2026-04-13 10:45,Decision: finalize deployment plan for the release. Project Team owns the task and the deadline is 2026-05-01.
C01529,2026-04-18 11:30,Platform Team confirmed they will finalize deployment plan for the release.
C01530,2026-02-08 15:45,Reminder: complete ETL integration should be completed by 2026-02-17.
C01531,2026-06-11 16:00,Decision: prepare data quality report for the data pipeline. Security Team owns the task and the deadline is 2026-06-23.
C01532,2026-01-02 09:30,Decision: review client requirements for the project scope. Operations Team owns the task and the deadline is 2026-01-19.
C01533,2026-04-20 09:30,Agreed in the meeting: Platform Team will validate migration results. Target: 2026-04-24.
C01534,2026-01-22 17:00,Agreed in the meeting: Operations Team will prepare data quality report. Target: 2026-02-12.
C01535,2026-07-27 11:15,Agreed in the meeting: Project Team will update project documentation. Target: 2026-08-16.
C01536,2026-07-14 12:00,Project Team confirmed they will complete dashboard testing for the analytics dashboard.
C01537,2026-07-07 14:00,Migration next week is only a possibility. Client confirmation is still pending.
C01538,2026-08-18 16:30,Agreed in the meeting: QA Team will complete security review. Target: 2026-08-23.
C01539,2026-01-09 11:30,Reminder: validate new metrics should be completed by 2026-01-19.
C01540,2026-07-11 17:30,Decision: prepare release checklist for the deployment. Project Team owns the task and the deadline is 2026-07-16.
C01541,2026-02-06 09:30,Analytics Team confirmed they will verify model outputs for the analytics model.
C01542,2026-07-01 13:00,Agreed in the meeting: Project Team will validate migration results. Target: 2026-07-04.
C01543,2026-02-18 13:45,Agreed in the meeting: Project Team will prepare release checklist. Target: 2026-02-27.
C01544,2026-04-17 12:15,Data Engineering Team confirmed they will finalize deployment plan for the release.
C01545,2026-06-29 13:15,Decision: prepare release checklist for the deployment. Platform Team owns the task and the deadline is 2026-07-02.
C01546,2026-05-28 17:30,Agreed in the meeting: Analytics Team will validate new metrics. Target: 2026-06-07.
C01547,2026-04-26 16:00,Decision: validate migration results for the reporting pipeline. Security Team owns the task and the deadline is 2026-05-12.
C01548,2026-08-01 13:45,Data Engineering Team confirmed they will validate migration results for the reporting pipeline.
C01549,2026-06-30 11:15,Reminder: verify model outputs should be completed by 2026-07-20.
C01550,2026-01-24 16:30,Reminder: review client requirements should be completed by 2026-01-29.
C01551,2026-04-07 16:30,Decision: finalize deployment plan for the release. Data Engineering Team owns the task and the deadline is 2026-04-28.
C01552,2026-05-07 12:15,Decision: prepare release checklist for the deployment. Data Engineering Team owns the task and the deadline is 2026-05-11.
C01553,2026-06-25 14:30,Agreed in the meeting: Documentation Team will validate migration results. Target: 2026-07-09.
C01554,2026-03-05 10:45,Documentation Team confirmed they will update project documentation for the client demo.
C01555,2026-06-14 16:00,Migration Team confirmed they will complete API integration for the client platform.
C01556,2026-01-12 15:30,Consulting Team confirmed they will finalize deployment plan for the release.
C01557,2026-05-27 12:30,Reminder: complete ETL integration should be completed by 2026-06-13.
C01558,2026-08-10 14:00,Agreed in the meeting: Documentation Team will complete dashboard testing. Target: 2026-08-24.
C01559,2026-08-11 09:45,Reminder: verify model outputs should be completed by 2026-08-23.
C01560,2026-02-07 11:45,Reminder: complete API integration should be completed by 2026-02-14.
C01561,2026-01-07 11:45,Reminder: validate migration results should be completed by 2026-01-26.
C01562,2026-05-12 09:00,Reminder: complete API integration should be completed by 2026-05-21.
C01563,2026-08-03 09:00,Decision: complete dashboard testing for the analytics dashboard. Documentation Team owns the task and the deadline is 2026-08-23.
C01564,2026-07-28 17:00,Agreed in the meeting: Platform Team will complete ETL integration. Target: 2026-07-31.
C01565,2026-02-04 16:45,Security Team confirmed they will review client requirements for the project scope.
C01566,2026-08-26 17:45,Migration next week is only a possibility. Client confirmation is still pending.
C01567,2026-01-22 13:45,Agreed in the meeting: Security Team will prepare release checklist. Target: 2026-02-05.
C01568,2026-08-14 10:00,Reminder: finalize deployment plan should be completed by 2026-08-29.
C01569,2026-03-20 15:00,Platform Team confirmed they will prepare data quality report for the data pipeline.
C01570,2026-09-04 14:45,Agreed in the meeting: Documentation Team will verify model outputs. Target: 2026-09-09.
C01571,2026-02-08 09:30,Reminder: update project documentation should be completed by 2026-02-21.
C01572,2026-03-03 16:30,Agreed in the meeting: Migration Team will verify model outputs. Target: 2026-03-24.
C01573,2026-04-01 09:00,Reminder: finalize deployment plan should be completed by 2026-04-06.
C01574,2026-04-30 13:45,Decision: update project documentation for the client demo. Platform Team owns the task and the deadline is 2026-05-13.
C01575,2026-05-22 11:00,Platform Team confirmed they will prepare release checklist for the deployment.
C01576,2026-05-11 16:30,Agreed in the meeting: Platform Team will prepare data quality report. Target: 2026-06-01.
C01577,2026-04-06 14:30,QA Team confirmed they will review client requirements for the project scope.
C01578,2026-04-09 16:00,Decision: finalize deployment plan for the release. Security Team owns the task and the deadline is 2026-04-15.
C01579,2026-08-04 10:15,Data Engineering Team confirmed they will prepare release checklist for the deployment.
C01580,2026-04-20 10:15,Decision: prepare data quality report for the data pipeline. Operations Team owns the task and the deadline is 2026-04-25.
C01581,2026-05-26 15:15,Decision: finalize deployment plan for the release. QA Team owns the task and the deadline is 2026-06-04.
C01582,2026-02-24 10:15,Agreed in the meeting: Migration Team will prepare data quality report. Target: 2026-03-15.
C01583,2026-01-11 14:45,Reminder: complete security review should be completed by 2026-01-29.
C01584,2026-04-06 12:15,Reminder: finalize deployment plan should be completed by 2026-04-13.
C01585,2026-06-26 11:00,Reminder: complete API integration should be completed by 2026-07-06.
C01586,2026-03-06 16:00,Agreed in the meeting: Analytics Team will complete security review. Target: 2026-03-25.
C01587,2026-04-14 12:30,Agreed in the meeting: Project Team will validate migration results. Target: 2026-04-30.
C01588,2026-05-27 11:15,Decision: complete API integration for the client platform. Security Team owns the task and the deadline is 2026-06-05.
C01589,2026-04-23 16:45,Project Team confirmed they will complete ETL integration for the dashboard.
C01590,2026-06-25 16:30,Reminder: finalize deployment plan should be completed by 2026-07-07.
C01591,2026-06-27 16:45,Documentation Team confirmed they will validate migration results for the reporting pipeline.
C01592,2026-02-22 10:15,Consulting Team confirmed they will update project documentation for the client demo.
C01593,2026-02-22 14:15,Decision: prepare release checklist for the deployment. Migration Team owns the task and the deadline is 2026-02-26.
C01594,2026-06-26 14:45,Agreed in the meeting: Project Team will complete ETL integration. Target: 2026-07-16.
C01595,2026-08-19 16:15,Migration next week is only a possibility. Client confirmation is still pending.
C01596,2026-07-07 12:45,Reminder: prepare release checklist should be completed by 2026-07-20.
C01597,2026-06-14 14:45,Agreed in the meeting: Security Team will complete API integration. Target: 2026-06-24.
C01598,2026-02-21 10:45,Decision: validate new metrics for the reporting. Migration Team owns the task and the deadline is 2026-03-09.
C01599,2026-07-26 17:30,Project Team confirmed they will complete ETL integration for the dashboard.
C01600,2026-02-28 13:30,Decision: complete ETL integration for the dashboard. Analytics Team owns the task and the deadline is 2026-03-04.
C01601,2026-03-18 11:45,Agreed in the meeting: Documentation Team will prepare data quality report. Target: 2026-03-28.
C01602,2026-03-31 13:15,Decision: complete ETL integration for the dashboard. Analytics Team owns the task and the deadline is 2026-04-05.
C01603,2026-05-10 17:45,Agreed in the meeting: Documentation Team will complete API integration. Target: 2026-05-15.
C01604,2026-09-03 11:15,Agreed in the meeting: Project Team will prepare data quality report. Target: 2026-09-15.
C01605,2026-05-16 13:00,Reminder: validate migration results should be completed by 2026-05-28.
C01606,2026-01-10 12:30,Decision: finalize deployment plan for the release. Platform Team owns the task and the deadline is 2026-01-24.
C01607,2026-06-14 10:45,Reminder: verify model outputs should be completed by 2026-06-21.
C01608,2026-02-17 13:30,Agreed in the meeting: Project Team will complete dashboard testing. Target: 2026-03-04.
C01609,2026-01-01 11:00,Reminder: finalize deployment plan should be completed by 2026-01-11.
C01610,2026-06-09 11:15,Decision: complete API integration for the client platform. QA Team owns the task and the deadline is 2026-06-20.
C01611,2026-05-06 10:45,Agreed in the meeting: QA Team will verify model outputs. Target: 2026-05-17.
C01612,2026-03-12 15:45,Data Engineering Team confirmed they will complete API integration for the client platform.
C01613,2026-05-01 09:00,Decision: complete ETL integration for the dashboard. Operations Team owns the task and the deadline is 2026-05-10.
C01614,2026-01-14 16:30,Analytics Team confirmed they will validate new metrics for the reporting.
C01615,2026-02-04 10:30,Decision: prepare release checklist for the deployment. Analytics Team owns the task and the deadline is 2026-02-11.
C01616,2026-08-22 11:15,Reminder: verify model outputs should be completed by 2026-08-27.
C01617,2026-03-28 15:00,Operations Team confirmed they will review client requirements for the project scope.
C01618,2026-04-22 13:00,Migration Team confirmed they will prepare release checklist for the deployment.
C01619,2026-02-01 12:15,QA Team confirmed they will validate new metrics for the reporting.
C01620,2026-07-07 09:15,Decision: finalize deployment plan for the release. Migration Team owns the task and the deadline is 2026-07-28.
C01621,2026-03-26 15:30,Decision: validate migration results for the reporting pipeline. Migration Team owns the task and the deadline is 2026-04-11.
C01622,2026-06-20 14:45,Decision: complete security review for the production deployment. Migration Team owns the task and the deadline is 2026-07-10.
C01623,2026-06-30 14:15,Agreed in the meeting: Consulting Team will complete API integration. Target: 2026-07-07.
C01624,2026-01-22 10:00,Migration next week is only a possibility. Client confirmation is still pending.
C01625,2026-05-09 10:30,Decision: complete dashboard testing for the analytics dashboard. Analytics Team owns the task and the deadline is 2026-05-11.
C01626,2026-02-25 17:30,Agreed in the meeting: Operations Team will complete API integration. Target: 2026-03-17.
C01627,2026-05-29 10:30,Agreed in the meeting: Security Team will validate new metrics. Target: 2026-06-10.
C01628,2026-01-02 10:15,Data Engineering Team confirmed they will validate migration results for the reporting pipeline.
C01629,2026-08-16 09:15,Data Engineering Team confirmed they will complete API integration for the client platform.
C01630,2026-06-29 13:45,Reminder: review client requirements should be completed by 2026-07-17.
C01631,2026-04-14 14:30,Agreed in the meeting: Migration Team will validate migration results. Target: 2026-05-03.
C01632,2026-04-29 11:00,Reminder: verify model outputs should be completed by 2026-05-13.
C01633,2026-08-16 14:00,Decision: complete dashboard testing for the analytics dashboard. Operations Team owns the task and the deadline is 2026-08-26.
C01634,2026-08-21 14:15,Decision: prepare release checklist for the deployment. Security Team owns the task and the deadline is 2026-08-26.
C01635,2026-08-17 10:00,QA Team confirmed they will complete ETL integration for the dashboard.
C01636,2026-08-14 11:15,Agreed in the meeting: Analytics Team will finalize deployment plan. Target: 2026-08-28.
C01637,2026-08-16 12:30,Decision: review client requirements for the project scope. Security Team owns the task and the deadline is 2026-08-26.
C01638,2026-07-06 11:15,Reminder: validate new metrics should be completed by 2026-07-13.
C01639,2026-05-03 10:15,Security Team confirmed they will complete ETL integration for the dashboard.
C01640,2026-03-05 13:15,Reminder: review client requirements should be completed by 2026-03-20.
C01641,2026-07-24 09:45,Platform Team confirmed they will validate new metrics for the reporting.
C01642,2026-07-17 11:15,Reminder: review client requirements should be completed by 2026-08-03.
C01643,2026-07-01 15:45,Reminder: complete ETL integration should be completed by 2026-07-20.
C01644,2026-05-05 11:00,Agreed in the meeting: Data Engineering Team will prepare data quality report. Target: 2026-05-17.
C01645,2026-07-23 13:00,Decision: update project documentation for the client demo. Data Engineering Team owns the task and the deadline is 2026-07-31.
C01646,2026-08-14 14:00,Reminder: prepare release checklist should be completed by 2026-09-04.
C01647,2026-09-05 11:30,Platform Team confirmed they will complete security review for the production deployment.
C01648,2026-02-16 15:30,Agreed in the meeting: Consulting Team will validate migration results. Target: 2026-03-03.
C01649,2026-06-01 11:45,Operations Team confirmed they will prepare release checklist for the deployment.
C01650,2026-06-29 11:15,Agreed in the meeting: Migration Team will verify model outputs. Target: 2026-07-04.
C01651,2026-07-23 17:15,Agreed in the meeting: Operations Team will verify model outputs. Target: 2026-07-31.
C01652,2026-07-18 16:45,Decision: complete ETL integration for the dashboard. Migration Team owns the task and the deadline is 2026-08-04.
C01653,2026-03-12 11:15,Migration next week is only a possibility. Client confirmation is still pending.
C01654,2026-05-14 14:15,Agreed in the meeting: Analytics Team will validate migration results. Target: 2026-05-29.
C01655,2026-06-22 10:15,Reminder: update project documentation should be completed by 2026-07-03.
C01656,2026-07-04 09:30,Reminder: prepare data quality report should be completed by 2026-07-06.
C01657,2026-05-03 14:00,Migration Team confirmed they will review client requirements for the project scope.
C01658,2026-06-18 15:15,Reminder: prepare data quality report should be completed by 2026-07-02.
C01659,2026-06-30 15:15,Decision: update project documentation for the client demo. Analytics Team owns the task and the deadline is 2026-07-19.
C01660,2026-07-27 14:30,Analytics Team confirmed they will complete API integration for the client platform.
C01661,2026-07-09 14:30,Security Team confirmed they will complete security review for the production deployment.
C01662,2026-03-28 10:15,QA Team confirmed they will prepare release checklist for the deployment.
C01663,2026-06-06 10:30,Reminder: validate migration results should be completed by 2026-06-26.
C01664,2026-02-23 14:00,Reminder: complete ETL integration should be completed by 2026-03-16.
C01665,2026-05-08 13:30,Reminder: verify model outputs should be completed by 2026-05-17.
C01666,2026-02-28 15:30,Decision: complete ETL integration for the dashboard. Documentation Team owns the task and the deadline is 2026-03-12.
C01667,2026-03-06 10:45,Agreed in the meeting: QA Team will prepare data quality report. Target: 2026-03-12.
C01668,2026-03-02 13:15,Reminder: prepare release checklist should be completed by 2026-03-19.
C01669,2026-08-11 09:15,Decision: update project documentation for the client demo. Security Team owns the task and the deadline is 2026-08-30.
C01670,2026-02-05 17:00,Agreed in the meeting: Platform Team will validate migration results. Target: 2026-02-23.
C01671,2026-04-01 13:45,Decision: complete security review for the production deployment. Project Team owns the task and the deadline is 2026-04-06.
C01672,2026-08-20 11:45,Agreed in the meeting: Project Team will complete API integration. Target: 2026-09-04.
C01673,2026-07-13 16:15,Agreed in the meeting: Analytics Team will validate migration results. Target: 2026-07-24.
C01674,2026-03-03 10:00,Agreed in the meeting: Migration Team will review client requirements. Target: 2026-03-17.
C01675,2026-09-07 12:00,Operations Team confirmed they will prepare release checklist for the deployment.
C01676,2026-06-22 09:00,Decision: review client requirements for the project scope. QA Team owns the task and the deadline is 2026-06-27.
C01677,2026-03-04 15:30,Decision: finalize deployment plan for the release. Migration Team owns the task and the deadline is 2026-03-08.
C01678,2026-08-23 09:15,Analytics Team confirmed they will review client requirements for the project scope.
C01679,2026-01-20 13:00,Decision: validate migration results for the reporting pipeline. Migration Team owns the task and the deadline is 2026-02-05.
C01680,2026-02-04 17:30,Reminder: validate migration results should be completed by 2026-02-19.
C01681,2026-05-17 16:15,Reminder: validate migration results should be completed by 2026-05-28.
C01682,2026-08-09 09:15,Migration next week is only a possibility. Client confirmation is still pending.
C01683,2026-06-14 13:45,Consulting Team confirmed they will update project documentation for the client demo.
C01684,2026-03-20 11:00,Decision: validate new metrics for the reporting. Data Engineering Team owns the task and the deadline is 2026-04-02.
C01685,2026-08-11 09:00,Decision: validate new metrics for the reporting. Consulting Team owns the task and the deadline is 2026-08-13.
C01686,2026-01-04 13:00,QA Team confirmed they will validate migration results for the reporting pipeline.
C01687,2026-04-04 14:45,Decision: complete dashboard testing for the analytics dashboard. Documentation Team owns the task and the deadline is 2026-04-10.
C01688,2026-07-04 16:15,Security Team confirmed they will verify model outputs for the analytics model.
C01689,2026-04-19 16:15,Decision: prepare data quality report for the data pipeline. Analytics Team owns the task and the deadline is 2026-05-03.
C01690,2026-07-01 17:45,Reminder: prepare data quality report should be completed by 2026-07-18.
C01691,2026-05-02 16:30,Reminder: update project documentation should be completed by 2026-05-20.
C01692,2026-04-29 10:15,Decision: complete API integration for the client platform. QA Team owns the task and the deadline is 2026-05-18.
C01693,2026-05-17 12:45,Reminder: complete ETL integration should be completed by 2026-05-27.
C01694,2026-02-27 09:30,Project Team confirmed they will validate migration results for the reporting pipeline.
C01695,2026-03-23 14:45,Agreed in the meeting: Migration Team will validate migration results. Target: 2026-04-08.
C01696,2026-03-13 10:00,Platform Team confirmed they will complete API integration for the client platform.
C01697,2026-07-06 09:15,Analytics Team confirmed they will finalize deployment plan for the release.
C01698,2026-05-11 14:15,Documentation Team confirmed they will validate migration results for the reporting pipeline.
C01699,2026-03-03 15:15,Data Engineering Team confirmed they will finalize deployment plan for the release.
C01700,2026-06-03 12:15,Decision: complete security review for the production deployment. Documentation Team owns the task and the deadline is 2026-06-19.
C01701,2026-06-22 14:30,Data Engineering Team confirmed they will validate new metrics for the reporting.
C01702,2026-08-05 15:45,Reminder: complete security review should be completed by 2026-08-08.
C01703,2026-09-04 10:30,QA Team confirmed they will prepare data quality report for the data pipeline.
C01704,2026-02-17 09:30,Project Team confirmed they will verify model outputs for the analytics model.
C01705,2026-07-13 12:30,Reminder: complete dashboard testing should be completed by 2026-07-16.
C01706,2026-07-14 17:45,Agreed in the meeting: Platform Team will prepare data quality report. Target: 2026-08-01.
C01707,2026-06-14 11:00,Reminder: prepare release checklist should be completed by 2026-06-17.
C01708,2026-07-19 11:00,Consulting Team confirmed they will complete ETL integration for the dashboard.
C01709,2026-05-07 10:00,Decision: complete dashboard testing for the analytics dashboard. Security Team owns the task and the deadline is 2026-05-21.
C01710,2026-06-26 16:30,Platform Team confirmed they will review client requirements for the project scope.
C01711,2026-01-25 09:30,Migration next week is only a possibility. Client confirmation is still pending.
C01712,2026-01-21 17:45,Reminder: complete dashboard testing should be completed by 2026-01-27.
C01713,2026-02-02 13:30,Reminder: complete ETL integration should be completed by 2026-02-12.
C01714,2026-05-01 10:00,Reminder: validate migration results should be completed by 2026-05-19.
C01715,2026-04-30 09:15,Reminder: complete security review should be completed by 2026-05-12.
C01716,2026-07-18 09:30,Reminder: update project documentation should be completed by 2026-07-20.
C01717,2026-03-04 11:30,Reminder: verify model outputs should be completed by 2026-03-19.
C01718,2026-06-18 13:00,QA Team confirmed they will verify model outputs for the analytics model.
C01719,2026-07-24 12:00,Agreed in the meeting: Platform Team will prepare data quality report. Target: 2026-08-14.
C01720,2026-03-08 15:15,Consulting Team confirmed they will prepare data quality report for the data pipeline.
C01721,2026-08-07 17:00,Decision: verify model outputs for the analytics model. Analytics Team owns the task and the deadline is 2026-08-15.
C01722,2026-01-24 17:45,Agreed in the meeting: Consulting Team will update project documentation. Target: 2026-01-30.
C01723,2026-01-22 13:30,Decision: finalize deployment plan for the release. Operations Team owns the task and the deadline is 2026-01-27.
C01724,2026-02-12 16:30,Decision: validate migration results for the reporting pipeline. Documentation Team owns the task and the deadline is 2026-03-01.
C01725,2026-01-06 12:30,Agreed in the meeting: QA Team will prepare data quality report. Target: 2026-01-16.
C01726,2026-07-06 11:30,Operations Team confirmed they will verify model outputs for the analytics model.
C01727,2026-01-08 14:15,Decision: complete security review for the production deployment. Operations Team owns the task and the deadline is 2026-01-20.
C01728,2026-08-13 11:15,Analytics Team confirmed they will validate migration results for the reporting pipeline.
C01729,2026-01-28 10:00,Decision: complete ETL integration for the dashboard. Documentation Team owns the task and the deadline is 2026-02-03.
C01730,2026-04-08 09:45,Agreed in the meeting: Analytics Team will update project documentation. Target: 2026-04-22.
C01731,2026-01-14 09:30,Security Team confirmed they will complete security review for the production deployment.
C01732,2026-03-09 11:45,Platform Team confirmed they will verify model outputs for the analytics model.
C01733,2026-07-28 12:30,Decision: finalize deployment plan for the release. Security Team owns the task and the deadline is 2026-08-12.
C01734,2026-02-01 15:00,Project Team confirmed they will verify model outputs for the analytics model.
C01735,2026-03-11 11:45,Analytics Team confirmed they will review client requirements for the project scope.
C01736,2026-03-22 12:45,Reminder: review client requirements should be completed by 2026-03-28.
C01737,2026-05-16 11:30,Data Engineering Team confirmed they will review client requirements for the project scope.
C01738,2026-08-06 13:00,Agreed in the meeting: Security Team will update project documentation. Target: 2026-08-12.
C01739,2026-03-30 17:30,Decision: update project documentation for the client demo. Documentation Team owns the task and the deadline is 2026-04-12.
C01740,2026-06-27 12:30,Migration next week is only a possibility. Client confirmation is still pending.
C01741,2026-03-28 09:45,Decision: complete ETL integration for the dashboard. Project Team owns the task and the deadline is 2026-04-14.
C01742,2026-05-30 16:15,Agreed in the meeting: Project Team will complete dashboard testing. Target: 2026-06-10.
C01743,2026-04-02 11:30,Reminder: prepare data quality report should be completed by 2026-04-19.
C01744,2026-03-06 13:30,Agreed in the meeting: Documentation Team will validate new metrics. Target: 2026-03-16.
C01745,2026-01-09 13:45,Reminder: complete ETL integration should be completed by 2026-01-12.
C01746,2026-01-03 15:15,Reminder: complete dashboard testing should be completed by 2026-01-22.
C01747,2026-02-02 16:30,Reminder: update project documentation should be completed by 2026-02-19.
C01748,2026-06-01 12:30,Decision: verify model outputs for the analytics model. Consulting Team owns the task and the deadline is 2026-06-15.
C01749,2026-05-30 10:15,Decision: complete ETL integration for the dashboard. Analytics Team owns the task and the deadline is 2026-06-09.
C01750,2026-04-30 11:30,Reminder: finalize deployment plan should be completed by 2026-05-08.
C01751,2026-01-12 10:45,Agreed in the meeting: Data Engineering Team will complete API integration. Target: 2026-02-02.
C01752,2026-02-06 13:45,Agreed in the meeting: Data Engineering Team will prepare data quality report. Target: 2026-02-26.
C01753,2026-04-12 11:30,Analytics Team confirmed they will prepare release checklist for the deployment.
C01754,2026-02-21 10:45,Data Engineering Team confirmed they will update project documentation for the client demo.
C01755,2026-01-16 12:30,QA Team confirmed they will verify model outputs for the analytics model.
C01756,2026-08-31 13:15,Platform Team confirmed they will review client requirements for the project scope.
C01757,2026-02-09 12:45,Analytics Team confirmed they will prepare data quality report for the data pipeline.
C01758,2026-05-26 15:30,Project Team confirmed they will complete dashboard testing for the analytics dashboard.
C01759,2026-07-02 14:45,Reminder: validate migration results should be completed by 2026-07-09.
C01760,2026-07-05 12:00,Agreed in the meeting: Platform Team will prepare release checklist. Target: 2026-07-16.
C01761,2026-04-23 10:15,Decision: complete security review for the production deployment. Security Team owns the task and the deadline is 2026-05-03.
C01762,2026-02-11 12:15,Reminder: verify model outputs should be completed by 2026-02-17.
C01763,2026-04-10 10:45,Operations Team confirmed they will complete dashboard testing for the analytics dashboard.
C01764,2026-09-08 09:30,Decision: finalize deployment plan for the release. Operations Team owns the task and the deadline is 2026-09-21.
C01765,2026-01-21 11:45,Decision: review client requirements for the project scope. QA Team owns the task and the deadline is 2026-01-25.
C01766,2026-09-04 09:30,Agreed in the meeting: Data Engineering Team will complete security review. Target: 2026-09-10.
C01767,2026-01-10 16:30,Agreed in the meeting: Project Team will complete API integration. Target: 2026-01-23.
C01768,2026-07-23 17:15,Reminder: validate new metrics should be completed by 2026-08-09.
C01769,2026-07-23 13:15,Migration next week is only a possibility. Client confirmation is still pending.
C01770,2026-06-28 13:15,Agreed in the meeting: QA Team will verify model outputs. Target: 2026-07-14.
C01771,2026-07-07 11:45,Reminder: update project documentation should be completed by 2026-07-28.
C01772,2026-07-17 11:00,Decision: validate migration results for the reporting pipeline. Project Team owns the task and the deadline is 2026-07-20.
C01773,2026-02-05 15:00,Decision: prepare data quality report for the data pipeline. Platform Team owns the task and the deadline is 2026-02-12.
C01774,2026-03-07 12:30,Reminder: validate new metrics should be completed by 2026-03-27.
C01775,2026-09-06 14:15,Platform Team confirmed they will validate migration results for the reporting pipeline.
C01776,2026-05-02 12:00,Decision: finalize deployment plan for the release. Data Engineering Team owns the task and the deadline is 2026-05-09.
C01777,2026-05-24 17:15,Agreed in the meeting: Analytics Team will review client requirements. Target: 2026-06-09.
C01778,2026-01-08 14:00,Agreed in the meeting: Platform Team will complete API integration. Target: 2026-01-16.
C01779,2026-04-30 16:15,Reminder: complete security review should be completed by 2026-05-21.
C01780,2026-02-19 13:00,Decision: review client requirements for the project scope. Consulting Team owns the task and the deadline is 2026-03-03.
C01781,2026-08-17 11:45,Agreed in the meeting: Project Team will complete API integration. Target: 2026-08-19.
C01782,2026-04-16 17:00,Reminder: complete API integration should be completed by 2026-04-19.
C01783,2026-02-08 11:00,Decision: verify model outputs for the analytics model. Migration Team owns the task and the deadline is 2026-02-25.
C01784,2026-08-12 11:00,Migration Team confirmed they will complete API integration for the client platform.
C01785,2026-02-16 12:30,Agreed in the meeting: Documentation Team will validate new metrics. Target: 2026-02-19.
C01786,2026-03-02 12:00,Reminder: complete API integration should be completed by 2026-03-23.
C01787,2026-08-31 14:00,Decision: finalize deployment plan for the release. Platform Team owns the task and the deadline is 2026-09-16.
C01788,2026-02-20 11:15,Decision: review client requirements for the project scope. Data Engineering Team owns the task and the deadline is 2026-03-10.
C01789,2026-07-23 15:00,Reminder: complete dashboard testing should be completed by 2026-07-27.
C01790,2026-03-28 09:15,Decision: validate migration results for the reporting pipeline. Consulting Team owns the task and the deadline is 2026-04-06.
C01791,2026-01-13 16:45,Reminder: verify model outputs should be completed by 2026-01-26.
C01792,2026-03-25 14:30,Decision: complete API integration for the client platform. Data Engineering Team owns the task and the deadline is 2026-04-06.
C01793,2026-03-19 14:00,Agreed in the meeting: Consulting Team will complete API integration. Target: 2026-04-04.
C01794,2026-08-19 12:45,Reminder: complete API integration should be completed by 2026-08-30.
C01795,2026-02-02 16:15,Decision: validate new metrics for the reporting. Migration Team owns the task and the deadline is 2026-02-14.
C01796,2026-05-19 10:30,Agreed in the meeting: Security Team will complete ETL integration. Target: 2026-05-30.
C01797,2026-06-16 17:30,Reminder: complete ETL integration should be completed by 2026-06-26.
C01798,2026-02-07 10:45,Migration next week is only a possibility. Client confirmation is still pending.
C01799,2026-06-04 12:30,Reminder: validate new metrics should be completed by 2026-06-18.
C01800,2026-03-07 09:45,Reminder: verify model outputs should be completed by 2026-03-26.
C01801,2026-05-25 17:30,Migration Team confirmed they will finalize deployment plan for the release.
C01802,2026-06-08 10:00,Reminder: validate new metrics should be completed by 2026-06-23.
C01803,2026-06-14 11:45,Reminder: validate migration results should be completed by 2026-07-02.
C01804,2026-06-09 12:45,Agreed in the meeting: Migration Team will complete API integration. Target: 2026-06-21.
C01805,2026-04-27 16:00,Agreed in the meeting: Analytics Team will complete security review. Target: 2026-05-07.
C01806,2026-08-13 10:45,Agreed in the meeting: Consulting Team will finalize deployment plan. Target: 2026-09-03.
C01807,2026-08-26 13:15,Platform Team confirmed they will review client requirements for the project scope.
C01808,2026-04-23 09:30,Agreed in the meeting: Data Engineering Team will prepare data quality report. Target: 2026-05-13.
C01809,2026-04-10 14:00,Reminder: prepare data quality report should be completed by 2026-04-23.
C01810,2026-07-21 11:45,Agreed in the meeting: Documentation Team will complete security review. Target: 2026-07-24.
C01811,2026-06-21 11:45,Decision: finalize deployment plan for the release. QA Team owns the task and the deadline is 2026-07-08.
C01812,2026-02-06 14:45,Agreed in the meeting: Platform Team will complete security review. Target: 2026-02-10.
C01813,2026-08-07 12:00,Reminder: review client requirements should be completed by 2026-08-19.
C01814,2026-06-18 17:30,Agreed in the meeting: Documentation Team will validate migration results. Target: 2026-07-01.
C01815,2026-02-06 13:15,Decision: validate new metrics for the reporting. Project Team owns the task and the deadline is 2026-02-20.
C01816,2026-01-02 17:00,Agreed in the meeting: Project Team will prepare data quality report. Target: 2026-01-21.
C01817,2026-04-15 09:15,Decision: update project documentation for the client demo. Data Engineering Team owns the task and the deadline is 2026-04-25.
C01818,2026-07-30 12:45,Agreed in the meeting: Project Team will verify model outputs. Target: 2026-08-07.
C01819,2026-05-31 17:30,Operations Team confirmed they will prepare release checklist for the deployment.
C01820,2026-06-07 16:45,Decision: prepare release checklist for the deployment. Data Engineering Team owns the task and the deadline is 2026-06-24.
C01821,2026-04-20 09:00,Decision: complete dashboard testing for the analytics dashboard. Platform Team owns the task and the deadline is 2026-05-04.
C01822,2026-08-01 13:15,Decision: prepare data quality report for the data pipeline. QA Team owns the task and the deadline is 2026-08-04.
C01823,2026-07-20 13:00,Agreed in the meeting: Platform Team will complete dashboard testing. Target: 2026-07-31.
C01824,2026-04-10 17:45,Agreed in the meeting: Analytics Team will verify model outputs. Target: 2026-04-24.
C01825,2026-05-09 16:45,Reminder: validate migration results should be completed by 2026-05-22.
C01826,2026-07-01 16:30,Data Engineering Team confirmed they will prepare release checklist for the deployment.
C01827,2026-09-06 14:45,Migration next week is only a possibility. Client confirmation is still pending.
C01828,2026-03-16 17:45,Agreed in the meeting: Consulting Team will validate migration results. Target: 2026-03-26.
C01829,2026-05-06 17:30,QA Team confirmed they will verify model outputs for the analytics model.
C01830,2026-01-28 17:45,Security Team confirmed they will validate new metrics for the reporting.
C01831,2026-06-25 11:00,Agreed in the meeting: Security Team will complete security review. Target: 2026-07-03.
C01832,2026-05-28 17:15,Decision: finalize deployment plan for the release. Analytics Team owns the task and the deadline is 2026-06-17.
C01833,2026-01-04 16:00,QA Team confirmed they will complete security review for the production deployment.
C01834,2026-07-03 13:30,Reminder: validate new metrics should be completed by 2026-07-19.
C01835,2026-01-19 14:30,Reminder: prepare release checklist should be completed by 2026-02-04.
C01836,2026-04-10 09:30,Agreed in the meeting: Project Team will validate new metrics. Target: 2026-04-29.
C01837,2026-05-28 10:00,Operations Team confirmed they will verify model outputs for the analytics model.
C01838,2026-04-23 15:45,Reminder: validate new metrics should be completed by 2026-05-06.
C01839,2026-07-04 15:45,Reminder: complete dashboard testing should be completed by 2026-07-21.
C01840,2026-01-12 17:30,Security Team confirmed they will complete ETL integration for the dashboard.
C01841,2026-08-06 11:45,Agreed in the meeting: Consulting Team will finalize deployment plan. Target: 2026-08-18.
C01842,2026-01-19 16:30,Reminder: complete dashboard testing should be completed by 2026-02-08.
C01843,2026-05-16 11:45,Security Team confirmed they will prepare data quality report for the data pipeline.
C01844,2026-07-09 13:15,Decision: complete ETL integration for the dashboard. Security Team owns the task and the deadline is 2026-07-24.
C01845,2026-06-25 17:30,Agreed in the meeting: Data Engineering Team will validate new metrics. Target: 2026-07-16.
C01846,2026-06-02 17:45,Reminder: verify model outputs should be completed by 2026-06-20.
C01847,2026-07-20 13:00,Agreed in the meeting: Data Engineering Team will validate new metrics. Target: 2026-08-06.
C01848,2026-03-20 15:45,Agreed in the meeting: QA Team will complete API integration. Target: 2026-03-23.
C01849,2026-02-11 10:30,Decision: complete ETL integration for the dashboard. QA Team owns the task and the deadline is 2026-02-19.
C01850,2026-05-20 12:15,Decision: complete ETL integration for the dashboard. QA Team owns the task and the deadline is 2026-05-24.
C01851,2026-08-24 10:30,Data Engineering Team confirmed they will validate new metrics for the reporting.
C01852,2026-05-09 17:30,Project Team confirmed they will review client requirements for the project scope.
C01853,2026-04-06 11:30,Reminder: complete security review should be completed by 2026-04-26.
C01854,2026-01-27 14:00,Reminder: update project documentation should be completed by 2026-02-11.
C01855,2026-08-28 13:30,Agreed in the meeting: Platform Team will prepare release checklist. Target: 2026-09-15.
C01856,2026-03-23 10:45,Migration next week is only a possibility. Client confirmation is still pending.
C01857,2026-07-02 10:15,Reminder: finalize deployment plan should be completed by 2026-07-16.
C01858,2026-08-22 15:15,QA Team confirmed they will review client requirements for the project scope.
C01859,2026-07-01 17:45,Agreed in the meeting: Consulting Team will validate migration results. Target: 2026-07-17.
C01860,2026-03-25 15:00,Decision: complete API integration for the client platform. Analytics Team owns the task and the deadline is 2026-04-15.
C01861,2026-07-18 15:15,Consulting Team confirmed they will validate new metrics for the reporting.
C01862,2026-06-12 16:45,Reminder: complete API integration should be completed by 2026-06-20.
C01863,2026-07-25 17:30,Security Team confirmed they will validate new metrics for the reporting.
C01864,2026-08-03 10:45,Reminder: prepare data quality report should be completed by 2026-08-11.
C01865,2026-05-04 09:00,Decision: complete security review for the production deployment. Data Engineering Team owns the task and the deadline is 2026-05-21.
C01866,2026-06-05 09:30,Reminder: complete ETL integration should be completed by 2026-06-13.
C01867,2026-02-10 10:15,Decision: finalize deployment plan for the release. Analytics Team owns the task and the deadline is 2026-02-14.
C01868,2026-06-12 13:30,Operations Team confirmed they will complete security review for the production deployment.
C01869,2026-04-17 11:15,Data Engineering Team confirmed they will validate migration results for the reporting pipeline.
C01870,2026-04-19 15:15,QA Team confirmed they will complete API integration for the client platform.
C01871,2026-01-10 17:15,Reminder: update project documentation should be completed by 2026-01-16.
C01872,2026-02-02 14:15,Decision: validate migration results for the reporting pipeline. Migration Team owns the task and the deadline is 2026-02-12.
C01873,2026-03-02 09:45,Project Team confirmed they will finalize deployment plan for the release.
C01874,2026-01-17 13:15,Data Engineering Team confirmed they will complete security review for the production deployment.
C01875,2026-02-18 14:00,Decision: complete dashboard testing for the analytics dashboard. Platform Team owns the task and the deadline is 2026-03-03.
C01876,2026-07-14 12:15,Reminder: review client requirements should be completed by 2026-07-17.
C01877,2026-01-07 11:30,Agreed in the meeting: Consulting Team will complete ETL integration. Target: 2026-01-18.
C01878,2026-01-23 09:00,Agreed in the meeting: Platform Team will prepare data quality report. Target: 2026-01-28.
C01879,2026-03-02 14:15,Agreed in the meeting: Security Team will prepare data quality report. Target: 2026-03-19.
C01880,2026-05-06 15:30,Reminder: complete dashboard testing should be completed by 2026-05-22.
C01881,2026-01-17 16:15,Agreed in the meeting: Platform Team will finalize deployment plan. Target: 2026-02-03.
C01882,2026-03-28 14:30,Reminder: validate migration results should be completed by 2026-04-08.
C01883,2026-08-29 10:15,Decision: validate new metrics for the reporting. Operations Team owns the task and the deadline is 2026-09-13.
C01884,2026-03-28 12:15,Documentation Team confirmed they will prepare release checklist for the deployment.
C01885,2026-02-15 16:00,Migration next week is only a possibility. Client confirmation is still pending.
C01886,2026-08-28 10:15,Decision: update project documentation for the client demo. Consulting Team owns the task and the deadline is 2026-09-06.
C01887,2026-04-22 11:45,Documentation Team confirmed they will prepare release checklist for the deployment.
C01888,2026-05-10 11:30,Agreed in the meeting: Platform Team will prepare data quality report. Target: 2026-05-18.
C01889,2026-06-30 10:15,Agreed in the meeting: Documentation Team will complete API integration. Target: 2026-07-03.
C01890,2026-04-26 10:00,Agreed in the meeting: Security Team will prepare data quality report. Target: 2026-05-09.
C01891,2026-05-26 14:30,Platform Team confirmed they will verify model outputs for the analytics model.
C01892,2026-07-25 11:00,Agreed in the meeting: Analytics Team will validate new metrics. Target: 2026-08-01.
C01893,2026-01-09 15:30,Decision: validate migration results for the reporting pipeline. Documentation Team owns the task and the deadline is 2026-01-12.
C01894,2026-07-03 13:30,Agreed in the meeting: QA Team will validate new metrics. Target: 2026-07-13.
C01895,2026-04-11 13:30,Reminder: update project documentation should be completed by 2026-04-18.
C01896,2026-05-31 10:30,Decision: complete security review for the production deployment. Security Team owns the task and the deadline is 2026-06-02.
C01897,2026-04-29 11:15,Agreed in the meeting: Platform Team will validate new metrics. Target: 2026-05-17.
C01898,2026-03-23 11:45,Reminder: complete ETL integration should be completed by 2026-04-10.
C01899,2026-08-24 17:30,Agreed in the meeting: Platform Team will validate migration results. Target: 2026-08-27.
C01900,2026-02-18 17:30,Decision: complete ETL integration for the dashboard. QA Team owns the task and the deadline is 2026-02-20.
C01901,2026-05-31 09:00,Operations Team confirmed they will update project documentation for the client demo.
C01902,2026-05-12 15:45,Reminder: finalize deployment plan should be completed by 2026-05-23.
C01903,2026-04-05 17:45,Analytics Team confirmed they will prepare data quality report for the data pipeline.
C01904,2026-09-04 16:00,Reminder: complete dashboard testing should be completed by 2026-09-14.
C01905,2026-06-13 12:15,Reminder: prepare release checklist should be completed by 2026-06-24.
C01906,2026-04-01 15:30,Reminder: finalize deployment plan should be completed by 2026-04-12.
C01907,2026-07-08 12:30,Reminder: prepare data quality report should be completed by 2026-07-20.
C01908,2026-02-22 14:00,Reminder: finalize deployment plan should be completed by 2026-02-27.
C01909,2026-04-12 15:30,Reminder: finalize deployment plan should be completed by 2026-05-02.
C01910,2026-03-25 15:00,Agreed in the meeting: Data Engineering Team will verify model outputs. Target: 2026-04-03.
C01911,2026-04-25 14:15,Security Team confirmed they will complete API integration for the client platform.
C01912,2026-05-13 13:15,Agreed in the meeting: Analytics Team will complete ETL integration. Target: 2026-06-02.
C01913,2026-02-17 11:30,Analytics Team confirmed they will prepare release checklist for the deployment.
C01914,2026-04-01 16:30,Migration next week is only a possibility. Client confirmation is still pending.
C01915,2026-05-05 15:45,Data Engineering Team confirmed they will complete dashboard testing for the analytics dashboard.
C01916,2026-02-06 15:30,Reminder: complete ETL integration should be completed by 2026-02-13.
C01917,2026-01-12 17:00,Agreed in the meeting: QA Team will prepare data quality report. Target: 2026-01-18.
C01918,2026-06-01 17:15,Agreed in the meeting: Analytics Team will complete ETL integration. Target: 2026-06-22.
C01919,2026-04-03 11:30,Agreed in the meeting: QA Team will complete API integration. Target: 2026-04-09.
C01920,2026-06-05 14:00,Reminder: prepare release checklist should be completed by 2026-06-16.
C01921,2026-08-18 11:30,Data Engineering Team confirmed they will prepare data quality report for the data pipeline.
C01922,2026-02-20 09:45,Reminder: update project documentation should be completed by 2026-03-03.
C01923,2026-04-14 16:00,Agreed in the meeting: Data Engineering Team will prepare data quality report. Target: 2026-05-02.
C01924,2026-03-21 13:45,Operations Team confirmed they will validate new metrics for the reporting.
C01925,2026-06-26 17:15,Operations Team confirmed they will verify model outputs for the analytics model.
C01926,2026-02-23 17:45,Decision: complete security review for the production deployment. Migration Team owns the task and the deadline is 2026-03-08.
C01927,2026-05-16 14:30,Reminder: complete security review should be completed by 2026-05-28.
C01928,2026-02-12 16:15,Agreed in the meeting: Operations Team will validate new metrics. Target: 2026-03-04.
C01929,2026-02-23 11:30,Reminder: prepare release checklist should be completed by 2026-03-02.
C01930,2026-03-04 13:45,Agreed in the meeting: Migration Team will prepare release checklist. Target: 2026-03-25.
C01931,2026-05-02 09:30,Agreed in the meeting: Platform Team will complete security review. Target: 2026-05-10.
C01932,2026-03-06 13:45,Decision: validate new metrics for the reporting. Operations Team owns the task and the deadline is 2026-03-11.
C01933,2026-04-01 10:30,Decision: prepare release checklist for the deployment. Documentation Team owns the task and the deadline is 2026-04-15.
C01934,2026-05-20 09:45,Reminder: validate new metrics should be completed by 2026-05-27.
C01935,2026-07-13 17:45,Documentation Team confirmed they will complete security review for the production deployment.
C01936,2026-06-04 13:00,QA Team confirmed they will verify model outputs for the analytics model.
C01937,2026-01-22 17:45,Reminder: prepare release checklist should be completed by 2026-02-03.
C01938,2026-07-24 10:15,Agreed in the meeting: Consulting Team will complete dashboard testing. Target: 2026-07-27.
C01939,2026-06-28 12:00,Decision: update project documentation for the client demo. Migration Team owns the task and the deadline is 2026-07-17.
C01940,2026-02-01 15:15,Decision: prepare data quality report for the data pipeline. Consulting Team owns the task and the deadline is 2026-02-16.
C01941,2026-07-25 11:15,Agreed in the meeting: Platform Team will prepare data quality report. Target: 2026-08-15.
C01942,2026-06-11 17:00,Agreed in the meeting: Analytics Team will verify model outputs. Target: 2026-06-18.
C01943,2026-08-27 09:00,Migration next week is only a possibility. Client confirmation is still pending.
C01944,2026-02-16 09:00,Decision: update project documentation for the client demo. Security Team owns the task and the deadline is 2026-03-08.
C01945,2026-04-04 11:15,Reminder: update project documentation should be completed by 2026-04-13.
C01946,2026-06-13 12:00,Agreed in the meeting: Consulting Team will complete ETL integration. Target: 2026-07-03.
C01947,2026-01-21 11:45,Decision: complete security review for the production deployment. Data Engineering Team owns the task and the deadline is 2026-01-30.
C01948,2026-05-21 15:45,Agreed in the meeting: Security Team will complete ETL integration. Target: 2026-05-26.
C01949,2026-06-09 14:00,Reminder: validate migration results should be completed by 2026-06-25.
C01950,2026-06-12 14:45,Decision: prepare release checklist for the deployment. Documentation Team owns the task and the deadline is 2026-06-14.
C01951,2026-06-28 09:00,Reminder: verify model outputs should be completed by 2026-07-02.
C01952,2026-04-07 14:15,Agreed in the meeting: Security Team will complete dashboard testing. Target: 2026-04-18.
C01953,2026-03-07 12:45,Analytics Team confirmed they will finalize deployment plan for the release.
C01954,2026-03-14 16:30,Decision: complete API integration for the client platform. Operations Team owns the task and the deadline is 2026-03-19.
C01955,2026-04-30 09:45,Agreed in the meeting: Data Engineering Team will complete security review. Target: 2026-05-17.
C01956,2026-05-17 11:00,Agreed in the meeting: Consulting Team will complete ETL integration. Target: 2026-05-20.
C01957,2026-06-18 17:00,Migration Team confirmed they will prepare release checklist for the deployment.
C01958,2026-06-10 10:15,Reminder: complete security review should be completed by 2026-06-15.
C01959,2026-06-20 09:00,Agreed in the meeting: Project Team will complete API integration. Target: 2026-06-28.
C01960,2026-03-09 10:15,Agreed in the meeting: Security Team will verify model outputs. Target: 2026-03-22.
C01961,2026-07-02 16:45,Decision: finalize deployment plan for the release. Security Team owns the task and the deadline is 2026-07-08.
C01962,2026-08-15 11:00,Reminder: validate migration results should be completed by 2026-08-20.
C01963,2026-04-30 14:30,Agreed in the meeting: Security Team will review client requirements. Target: 2026-05-08.
C01964,2026-08-16 15:45,Reminder: validate migration results should be completed by 2026-08-20.
C01965,2026-04-25 17:00,Reminder: validate new metrics should be completed by 2026-05-11.
C01966,2026-07-08 11:00,Security Team confirmed they will finalize deployment plan for the release.
C01967,2026-02-18 17:45,Reminder: complete security review should be completed by 2026-03-05.
C01968,2026-03-01 09:15,Security Team confirmed they will complete ETL integration for the dashboard.
C01969,2026-01-22 16:30,QA Team confirmed they will verify model outputs for the analytics model.
C01970,2026-08-31 09:30,QA Team confirmed they will validate migration results for the reporting pipeline.
C01971,2026-07-19 10:00,Project Team confirmed they will complete ETL integration for the dashboard.
C01972,2026-07-23 14:00,Migration next week is only a possibility. Client confirmation is still pending.
C01973,2026-02-11 17:30,Decision: prepare data quality report for the data pipeline. Operations Team owns the task and the deadline is 2026-02-27.
C01974,2026-03-01 16:30,Reminder: prepare data quality report should be completed by 2026-03-22.
C01975,2026-01-13 09:15,Reminder: verify model outputs should be completed by 2026-01-29.
C01976,2026-03-11 13:00,Project Team confirmed they will review client requirements for the project scope.
C01977,2026-03-25 09:00,Agreed in the meeting: Platform Team will complete security review. Target: 2026-04-10.
C01978,2026-04-27 16:15,Decision: review client requirements for the project scope. Security Team owns the task and the deadline is 2026-05-04.
C01979,2026-01-31 17:15,Decision: complete ETL integration for the dashboard. Security Team owns the task and the deadline is 2026-02-13.
C01980,2026-01-24 11:00,Reminder: complete dashboard testing should be completed by 2026-01-26.
C01981,2026-08-18 12:45,Decision: complete ETL integration for the dashboard. Migration Team owns the task and the deadline is 2026-08-22.
C01982,2026-04-04 09:15,Consulting Team confirmed they will complete ETL integration for the dashboard.
C01983,2026-01-17 10:45,Decision: prepare data quality report for the data pipeline. Consulting Team owns the task and the deadline is 2026-01-21.
C01984,2026-04-28 09:45,Reminder: review client requirements should be completed by 2026-05-11.
C01985,2026-05-26 15:45,Agreed in the meeting: QA Team will verify model outputs. Target: 2026-05-30.
C01986,2026-08-17 13:00,Decision: prepare release checklist for the deployment. Platform Team owns the task and the deadline is 2026-09-07.
C01987,2026-03-20 13:00,Decision: review client requirements for the project scope. QA Team owns the task and the deadline is 2026-04-07.
C01988,2026-05-28 09:00,Reminder: complete dashboard testing should be completed by 2026-06-09.
C01989,2026-05-08 15:45,Platform Team confirmed they will validate new metrics for the reporting.
C01990,2026-02-03 13:45,Decision: validate migration results for the reporting pipeline. Data Engineering Team owns the task and the deadline is 2026-02-20.
C01991,2026-05-26 11:00,Platform Team confirmed they will validate new metrics for the reporting.
C01992,2026-01-20 16:45,Agreed in the meeting: Data Engineering Team will complete security review. Target: 2026-01-26.
C01993,2026-05-23 09:30,Reminder: update project documentation should be completed by 2026-06-03.
C01994,2026-05-10 11:45,Platform Team confirmed they will verify model outputs for the analytics model.
C01995,2026-08-09 12:15,Agreed in the meeting: Data Engineering Team will complete API integration. Target: 2026-08-22.
C01996,2026-05-17 13:45,Reminder: finalize deployment plan should be completed by 2026-06-04.
C01997,2026-02-14 16:15,Agreed in the meeting: Documentation Team will complete API integration. Target: 2026-02-22.
C01998,2026-06-10 14:45,Decision: complete security review for the production deployment. Data Engineering Team owns the task and the deadline is 2026-06-20.
C01999,2026-08-17 12:45,Operations Team confirmed they will update project documentation for the client demo.
C02000,2026-07-16 15:30,Agreed in the meeting: Migration Team will complete dashboard testing. Target: 2026-07-26.
